size,mean
500, 665
500, 644
500, 709
500, 632
500, 705
500, 619
500, 642
500, 654
500, 634
500, 646
500, 666
500, 694
500, 688
500, 680
500, 638
500, 644
500, 657
500, 671
500, 694
500, 661
500, 677
500, 666
500, 679
500, 661
500, 657
500, 639
500, 634
500, 655
500, 705
500, 644
500, 645
500, 675
500, 658
500, 654
500, 663
500, 675
500, 650
500, 653
500, 647
500, 651
500, 673
500, 648
500, 638
500, 648
500, 662
500, 633
500, 615
500, 673
500, 672
500, 699
500, 659
500, 624
500, 686
500, 679
500, 673
500, 629
500, 658
500, 673
500, 619
500, 699
500, 637
500, 685
500, 660
500, 673
500, 639
500, 667
500, 640
500, 633
500, 682
500, 668
500, 650
500, 635
500, 676
500, 686
500, 668
500, 674
500, 662
500, 629
500, 612
500, 674
500, 629
500, 650
500, 615
500, 658
500, 639
500, 648
500, 632
500, 690
500, 656
500, 672
500, 637
500, 652
500, 711
500, 627
500, 692
500, 638
500, 644
500, 660
500, 599
500, 605
500, 638
500, 705
500, 681
500, 687
500, 621
500, 687
500, 663
500, 635
500, 657
500, 661
500, 632
500, 642
500, 654
500, 672
500, 655
500, 675
500, 679
500, 677
500, 639
500, 674
500, 636
500, 664
500, 615
500, 670
500, 704
500, 694
500, 712
500, 659
500, 639
500, 668
500, 643
500, 682
500, 641
500, 659
500, 648
500, 626
500, 689
500, 632
500, 658
500, 636
500, 658
500, 615
500, 680
500, 681
500, 657
500, 640
500, 658
500, 670
500, 643
500, 610
500, 679
500, 690
500, 673
500, 636
500, 640
500, 640
500, 674
500, 694
500, 631
500, 708
500, 647
500, 644
500, 651
500, 684
500, 658
500, 696
500, 641
500, 636
500, 664
500, 642
500, 652
500, 638
500, 686
500, 642
500, 639
500, 621
500, 633
500, 670
500, 664
500, 642
500, 676
500, 692
500, 637
500, 679
500, 658
500, 743
500, 632
500, 619
500, 657
500, 609
500, 658
500, 651
500, 695
500, 676
500, 657
500, 615
500, 674
500, 635
500, 604
500, 676
500, 626
500, 640
500, 667
500, 665
500, 644
500, 622
500, 673
500, 660
500, 664
500, 686
500, 659
500, 651
500, 646
500, 657
500, 648
500, 627
500, 627
500, 677
500, 671
500, 691
500, 671
500, 654
500, 665
500, 633
500, 649
500, 663
500, 669
500, 670
500, 703
500, 677
500, 681
500, 667
500, 664
500, 674
500, 673
500, 659
500, 622
500, 626
500, 635
500, 647
500, 656
500, 669
500, 676
500, 651
500, 654
500, 647
500, 664
500, 667
500, 629
500, 654
size,mean
750, 624
750, 672
750, 661
750, 658
750, 663
750, 673
750, 671
750, 687
750, 643
750, 665
750, 676
750, 651
750, 653
750, 673
750, 680
750, 694
750, 650
750, 638
750, 662
750, 652
750, 674
750, 653
750, 639
750, 664
750, 631
750, 665
750, 691
750, 660
750, 655
750, 635
750, 665
750, 640
750, 636
750, 643
750, 677
750, 672
750, 646
750, 683
750, 612
750, 688
750, 667
750, 639
750, 676
750, 650
750, 676
750, 658
750, 709
750, 681
750, 671
750, 658
750, 636
750, 688
750, 663
750, 646
750, 632
750, 638
750, 644
750, 671
750, 638
750, 675
750, 640
750, 680
750, 659
750, 642
750, 675
750, 634
750, 676
750, 673
750, 684
750, 654
750, 679
750, 646
750, 659
750, 686
750, 639
750, 660
750, 659
750, 660
750, 659
750, 635
750, 672
750, 661
750, 649
750, 712
750, 682
750, 633
750, 664
750, 680
750, 661
750, 690
750, 662
750, 644
750, 663
750, 672
750, 630
750, 674
750, 668
750, 685
750, 660
750, 682
750, 668
750, 641
750, 631
750, 659
750, 680
750, 642
750, 637
750, 687
750, 644
750, 672
750, 671
750, 653
750, 645
750, 647
750, 647
750, 648
750, 672
750, 643
750, 674
750, 678
750, 675
750, 652
750, 659
750, 665
750, 646
750, 628
750, 657
750, 645
750, 662
750, 682
750, 653
750, 665
750, 645
750, 670
750, 655
750, 665
750, 629
750, 652
750, 676
750, 668
750, 661
750, 702
750, 679
750, 658
750, 645
750, 658
750, 682
750, 696
750, 658
750, 658
750, 687
750, 664
750, 684
750, 648
750, 630
750, 655
750, 654
750, 620
750, 665
750, 674
750, 643
750, 654
750, 642
750, 642
750, 649
750, 644
750, 635
750, 662
750, 664
750, 665
750, 624
750, 628
750, 626
750, 647
750, 683
750, 638
750, 653
750, 624
750, 608
750, 667
750, 674
750, 673
750, 655
750, 643
750, 603
750, 684
750, 640
750, 634
750, 676
750, 682
750, 669
750, 702
750, 651
750, 645
750, 645
750, 644
750, 631
750, 662
750, 688
750, 684
750, 708
750, 651
750, 665
750, 664
750, 660
750, 661
750, 675
750, 649
750, 609
750, 651
750, 668
750, 654
750, 642
750, 668
750, 690
750, 597
750, 682
750, 705
750, 645
750, 657
750, 657
750, 648
750, 651
750, 707
750, 647
750, 672
750, 704
750, 680
750, 673
750, 638
750, 641
750, 692
750, 654
750, 655
750, 646
750, 640
750, 689
750, 685
750, 662
750, 663
750, 656
750, 675
750, 664
750, 671
750, 672
750, 656
750, 637
750, 665
750, 654
750, 673
size,mean
1000, 670
1000, 659
1000, 692
1000, 650
1000, 650
1000, 673
1000, 660
1000, 618
1000, 640
1000, 643
1000, 681
1000, 675
1000, 659
1000, 635
1000, 660
1000, 640
1000, 653
1000, 661
1000, 669
1000, 645
1000, 717
1000, 647
1000, 628
1000, 650
1000, 626
1000, 641
1000, 682
1000, 658
1000, 656
1000, 630
1000, 651
1000, 639
1000, 634
1000, 661
1000, 653
1000, 668
1000, 646
1000, 680
1000, 657
1000, 628
1000, 658
1000, 661
1000, 664
1000, 677
1000, 646
1000, 631
1000, 663
1000, 656
1000, 688
1000, 645
1000, 667
1000, 625
1000, 675
1000, 638
1000, 678
1000, 675
1000, 645
1000, 645
1000, 667
1000, 674
1000, 648
1000, 644
1000, 663
1000, 638
1000, 662
1000, 647
1000, 659
1000, 644
1000, 632
1000, 669
1000, 664
1000, 674
1000, 669
1000, 660
1000, 665
1000, 629
1000, 660
1000, 699
1000, 640
1000, 652
1000, 642
1000, 629
1000, 661
1000, 678
1000, 663
1000, 636
1000, 658
1000, 658
1000, 631
1000, 652
1000, 645
1000, 666
1000, 660
1000, 669
1000, 667
1000, 661
1000, 693
1000, 700
1000, 652
1000, 636
1000, 673
1000, 644
1000, 654
1000, 624
1000, 634
1000, 663
1000, 660
1000, 671
1000, 666
1000, 640
1000, 647
1000, 670
1000, 671
1000, 671
1000, 659
1000, 686
1000, 685
1000, 692
1000, 658
1000, 662
1000, 694
1000, 675
1000, 670
1000, 642
1000, 660
1000, 611
1000, 656
1000, 656
1000, 628
1000, 623
1000, 646
1000, 650
1000, 648
1000, 623
1000, 648
1000, 652
1000, 625
1000, 652
1000, 651
1000, 660
1000, 669
1000, 648
1000, 633
1000, 645
1000, 653
1000, 696
1000, 680
1000, 658
1000, 677
1000, 643
1000, 626
1000, 675
1000, 675
1000, 661
1000, 639
1000, 625
1000, 666
1000, 649
1000, 685
1000, 642
1000, 660
1000, 681
1000, 629
1000, 657
1000, 658
1000, 691
1000, 681
1000, 644
1000, 634
1000, 648
1000, 640
1000, 662
1000, 624
1000, 673
1000, 644
1000, 684
1000, 632
1000, 665
1000, 637
1000, 645
1000, 644
1000, 667
1000, 667
1000, 658
1000, 653
1000, 637
1000, 662
1000, 670
1000, 634
1000, 669
1000, 677
1000, 666
1000, 651
1000, 640
1000, 682
1000, 642
1000, 672
1000, 656
1000, 632
1000, 606
1000, 679
1000, 658
1000, 687
1000, 646
1000, 665
1000, 628
1000, 613
1000, 639
1000, 654
1000, 651
1000, 637
1000, 678
1000, 636
1000, 647
1000, 664
1000, 682
1000, 648
1000, 642
1000, 632
1000, 683
1000, 635
1000, 674
1000, 673
1000, 652
1000, 666
1000, 618
1000, 663
1000, 634
1000, 682
1000, 665
1000, 679
1000, 677
1000, 630
1000, 652
1000, 670
1000, 665
1000, 675
1000, 639
1000, 633
1000, 667
1000, 648
1000, 680
1000, 648
1000, 650
1000, 648
1000, 660
1000, 653
1000, 685
1000, 633
1000, 644
size,mean
1250, 679
1250, 655
1250, 649
1250, 671
1250, 641
1250, 646
1250, 657
1250, 669
1250, 650
1250, 658
1250, 644
1250, 651
1250, 662
1250, 652
1250, 681
1250, 649
1250, 691
1250, 667
1250, 661
1250, 659
1250, 667
1250, 646
1250, 630
1250, 684
1250, 659
1250, 667
1250, 669
1250, 667
1250, 666
1250, 656
1250, 651
1250, 622
1250, 675
1250, 688
1250, 663
1250, 668
1250, 672
1250, 626
1250, 684
1250, 689
1250, 650
1250, 657
1250, 668
1250, 667
1250, 646
1250, 643
1250, 662
1250, 670
1250, 679
1250, 661
1250, 643
1250, 682
1250, 683
1250, 645
1250, 675
1250, 646
1250, 637
1250, 653
1250, 661
1250, 667
1250, 655
1250, 677
1250, 652
1250, 666
1250, 628
1250, 654
1250, 666
1250, 670
1250, 655
1250, 685
1250, 658
1250, 674
1250, 679
1250, 656
1250, 651
1250, 663
1250, 675
1250, 665
1250, 674
1250, 650
1250, 633
1250, 631
1250, 621
1250, 643
1250, 657
1250, 650
1250, 643
1250, 654
1250, 655
1250, 630
1250, 661
1250, 653
1250, 652
1250, 634
1250, 649
1250, 663
1250, 645
1250, 663
1250, 663
1250, 639
1250, 656
1250, 648
1250, 662
1250, 672
1250, 674
1250, 646
1250, 635
1250, 673
1250, 684
1250, 650
1250, 675
1250, 659
1250, 668
1250, 641
1250, 654
1250, 658
1250, 661
1250, 659
1250, 651
1250, 633
1250, 629
1250, 702
1250, 650
1250, 639
1250, 631
1250, 644
1250, 641
1250, 668
1250, 670
1250, 661
1250, 666
1250, 681
1250, 668
1250, 659
1250, 674
1250, 668
1250, 652
1250, 660
1250, 627
1250, 666
1250, 659
1250, 664
1250, 688
1250, 679
1250, 638
1250, 639
1250, 657
1250, 645
1250, 663
1250, 665
1250, 659
1250, 646
1250, 679
1250, 674
1250, 666
1250, 681
1250, 658
1250, 656
1250, 661
1250, 659
1250, 640
1250, 672
1250, 670
1250, 646
1250, 651
1250, 658
1250, 657
1250, 646
1250, 663
1250, 626
1250, 668
1250, 644
1250, 639
1250, 661
1250, 651
1250, 687
1250, 635
1250, 673
1250, 639
1250, 656
1250, 633
1250, 657
1250, 653
1250, 664
1250, 648
1250, 702
1250, 659
1250, 670
1250, 648
1250, 659
1250, 670
1250, 650
1250, 661
1250, 636
1250, 684
1250, 638
1250, 652
1250, 662
1250, 664
1250, 678
1250, 651
1250, 640
1250, 662
1250, 665
1250, 644
1250, 664
1250, 667
1250, 662
1250, 662
1250, 679
1250, 672
1250, 657
1250, 673
1250, 656
1250, 650
1250, 627
1250, 652
1250, 687
1250, 636
1250, 656
1250, 645
1250, 648
1250, 624
1250, 673
1250, 669
1250, 675
1250, 640
1250, 631
1250, 662
1250, 644
1250, 693
1250, 654
1250, 675
1250, 667
1250, 659
1250, 639
1250, 685
1250, 663
1250, 665
1250, 671
1250, 655
1250, 666
1250, 657
1250, 651
1250, 658
1250, 677
1250, 650
1250, 634
1250, 632
1250, 642
size,mean
1500, 665
1500, 674
1500, 677
1500, 646
1500, 658
1500, 652
1500, 638
1500, 653
1500, 673
1500, 649
1500, 674
1500, 644
1500, 666
1500, 663
1500, 685
1500, 618
1500, 643
1500, 655
1500, 667
1500, 687
1500, 664
1500, 650
1500, 653
1500, 647
1500, 645
1500, 639
1500, 665
1500, 636
1500, 661
1500, 663
1500, 665
1500, 685
1500, 656
1500, 646
1500, 667
1500, 632
1500, 654
1500, 679
1500, 662
1500, 653
1500, 655
1500, 645
1500, 678
1500, 622
1500, 660
1500, 624
1500, 640
1500, 644
1500, 670
1500, 664
1500, 644
1500, 632
1500, 658
1500, 658
1500, 663
1500, 658
1500, 650
1500, 643
1500, 686
1500, 645
1500, 639
1500, 647
1500, 643
1500, 685
1500, 622
1500, 659
1500, 675
1500, 619
1500, 638
1500, 678
1500, 645
1500, 659
1500, 664
1500, 648
1500, 652
1500, 678
1500, 639
1500, 673
1500, 653
1500, 638
1500, 668
1500, 680
1500, 658
1500, 652
1500, 640
1500, 644
1500, 662
1500, 640
1500, 679
1500, 646
1500, 668
1500, 643
1500, 651
1500, 658
1500, 658
1500, 666
1500, 626
1500, 660
1500, 670
1500, 665
1500, 661
1500, 660
1500, 661
1500, 636
1500, 662
1500, 685
1500, 678
1500, 662
1500, 656
1500, 665
1500, 673
1500, 669
1500, 705
1500, 645
1500, 663
1500, 630
1500, 672
1500, 665
1500, 646
1500, 679
1500, 654
1500, 675
1500, 663
1500, 640
1500, 641
1500, 658
1500, 647
1500, 653
1500, 671
1500, 653
1500, 677
1500, 634
1500, 624
1500, 658
1500, 666
1500, 633
1500, 681
1500, 664
1500, 665
1500, 669
1500, 668
1500, 672
1500, 662
1500, 667
1500, 628
1500, 660
1500, 659
1500, 661
1500, 646
1500, 640
1500, 680
1500, 671
1500, 667
1500, 674
1500, 649
1500, 655
1500, 672
1500, 656
1500, 633
1500, 650
1500, 642
1500, 654
1500, 643
1500, 623
1500, 658
1500, 676
1500, 631
1500, 663
1500, 641
1500, 664
1500, 679
1500, 657
1500, 645
1500, 669
1500, 665
1500, 652
1500, 663
1500, 651
1500, 647
1500, 654
1500, 623
1500, 635
1500, 671
1500, 662
1500, 668
1500, 667
1500, 650
1500, 648
1500, 665
1500, 642
1500, 642
1500, 644
1500, 680
1500, 654
1500, 651
1500, 670
1500, 665
1500, 686
1500, 625
1500, 638
1500, 637
1500, 642
1500, 650
1500, 663
1500, 660
1500, 668
1500, 653
1500, 648
1500, 658
1500, 639
1500, 643
1500, 676
1500, 658
1500, 654
1500, 677
1500, 662
1500, 681
1500, 659
1500, 670
1500, 671
1500, 626
1500, 638
1500, 657
1500, 670
1500, 644
1500, 637
1500, 651
1500, 656
1500, 648
1500, 652
1500, 656
1500, 650
1500, 667
1500, 664
1500, 626
1500, 661
1500, 662
1500, 668
1500, 621
1500, 645
1500, 651
1500, 679
1500, 647
1500, 646
1500, 653
1500, 648
1500, 679
1500, 636
1500, 671
1500, 672
size,mean
1750, 669
1750, 633
1750, 654
1750, 656
1750, 657
1750, 654
1750, 651
1750, 656
1750, 664
1750, 664
1750, 658
1750, 638
1750, 649
1750, 645
1750, 663
1750, 655
1750, 662
1750, 645
1750, 664
1750, 662
1750, 667
1750, 682
1750, 644
1750, 655
1750, 657
1750, 665
1750, 657
1750, 681
1750, 674
1750, 673
1750, 654
1750, 663
1750, 651
1750, 678
1750, 650
1750, 649
1750, 664
1750, 648
1750, 654
1750, 646
1750, 674
1750, 666
1750, 670
1750, 648
1750, 637
1750, 666
1750, 653
1750, 649
1750, 683
1750, 667
1750, 632
1750, 666
1750, 650
1750, 659
1750, 650
1750, 664
1750, 684
1750, 656
1750, 654
1750, 667
1750, 676
1750, 664
1750, 665
1750, 655
1750, 660
1750, 655
1750, 682
1750, 643
1750, 661
1750, 635
1750, 664
1750, 647
1750, 665
1750, 640
1750, 650
1750, 663
1750, 632
1750, 641
1750, 669
1750, 651
1750, 673
1750, 645
1750, 658
1750, 661
1750, 655
1750, 647
1750, 653
1750, 649
1750, 654
1750, 635
1750, 657
1750, 659
1750, 674
1750, 654
1750, 663
1750, 671
1750, 660
1750, 627
1750, 646
1750, 665
1750, 641
1750, 651
1750, 645
1750, 659
1750, 680
1750, 649
1750, 687
1750, 641
1750, 664
1750, 646
1750, 651
1750, 650
1750, 650
1750, 690
1750, 666
1750, 640
1750, 673
1750, 653
1750, 657
1750, 651
1750, 660
1750, 640
1750, 658
1750, 652
1750, 644
1750, 674
1750, 645
1750, 656
1750, 640
1750, 646
1750, 658
1750, 657
1750, 654
1750, 658
1750, 677
1750, 672
1750, 658
1750, 634
1750, 640
1750, 652
1750, 669
1750, 654
1750, 666
1750, 660
1750, 632
1750, 677
1750, 669
1750, 665
1750, 668
1750, 656
1750, 648
1750, 638
1750, 647
1750, 661
1750, 658
1750, 653
1750, 639
1750, 638
1750, 648
1750, 666
1750, 649
1750, 634
1750, 669
1750, 655
1750, 661
1750, 643
1750, 642
1750, 656
1750, 638
1750, 664
1750, 639
1750, 670
1750, 683
1750, 648
1750, 654
1750, 650
1750, 656
1750, 651
1750, 658
1750, 661
1750, 652
1750, 675
1750, 652
1750, 644
1750, 645
1750, 636
1750, 641
1750, 643
1750, 668
1750, 649
1750, 641
1750, 656
1750, 660
1750, 664
1750, 663
1750, 643
1750, 649
1750, 647
1750, 662
1750, 644
1750, 662
1750, 683
1750, 649
1750, 677
1750, 641
1750, 663
1750, 659
1750, 648
1750, 674
1750, 669
1750, 680
1750, 662
1750, 669
1750, 645
1750, 637
1750, 675
1750, 641
1750, 675
1750, 657
1750, 656
1750, 637
1750, 627
1750, 652
1750, 657
1750, 671
1750, 660
1750, 690
1750, 649
1750, 663
1750, 650
1750, 672
1750, 651
1750, 664
1750, 664
1750, 657
1750, 659
1750, 645
1750, 656
1750, 655
1750, 636
1750, 689
1750, 677
1750, 660
1750, 625
1750, 650
1750, 646
1750, 651
1750, 662
1750, 669
1750, 649
size,mean
2000, 681
2000, 655
2000, 643
2000, 647
2000, 661
2000, 642
2000, 658
2000, 659
2000, 647
2000, 645
2000, 655
2000, 642
2000, 679
2000, 666
2000, 652
2000, 661
2000, 643
2000, 648
2000, 640
2000, 658
2000, 663
2000, 638
2000, 663
2000, 665
2000, 670
2000, 658
2000, 641
2000, 639
2000, 653
2000, 656
2000, 657
2000, 660
2000, 661
2000, 668
2000, 632
2000, 662
2000, 658
2000, 640
2000, 659
2000, 651
2000, 675
2000, 653
2000, 662
2000, 662
2000, 657
2000, 650
2000, 646
2000, 652
2000, 674
2000, 656
2000, 659
2000, 651
2000, 686
2000, 674
2000, 657
2000, 669
2000, 643
2000, 661
2000, 675
2000, 668
2000, 642
2000, 645
2000, 654
2000, 665
2000, 649
2000, 664
2000, 659
2000, 648
2000, 671
2000, 667
2000, 637
2000, 656
2000, 661
2000, 644
2000, 666
2000, 653
2000, 643
2000, 657
2000, 667
2000, 664
2000, 662
2000, 669
2000, 666
2000, 663
2000, 664
2000, 677
2000, 651
2000, 658
2000, 685
2000, 650
2000, 638
2000, 671
2000, 648
2000, 647
2000, 648
2000, 667
2000, 661
2000, 649
2000, 655
2000, 662
2000, 681
2000, 669
2000, 641
2000, 662
2000, 650
2000, 659
2000, 640
2000, 660
2000, 661
2000, 645
2000, 656
2000, 651
2000, 659
2000, 641
2000, 675
2000, 667
2000, 637
2000, 656
2000, 656
2000, 659
2000, 661
2000, 669
2000, 638
2000, 665
2000, 679
2000, 658
2000, 626
2000, 626
2000, 660
2000, 671
2000, 662
2000, 652
2000, 662
2000, 629
2000, 675
2000, 655
2000, 674
2000, 640
2000, 655
2000, 643
2000, 641
2000, 667
2000, 643
2000, 654
2000, 670
2000, 662
2000, 652
2000, 671
2000, 640
2000, 655
2000, 645
2000, 657
2000, 682
2000, 644
2000, 664
2000, 649
2000, 676
2000, 665
2000, 657
2000, 667
2000, 660
2000, 666
2000, 676
2000, 669
2000, 653
2000, 648
2000, 654
2000, 660
2000, 640
2000, 666
2000, 661
2000, 648
2000, 670
2000, 671
2000, 637
2000, 641
2000, 648
2000, 627
2000, 657
2000, 666
2000, 642
2000, 661
2000, 684
2000, 659
2000, 658
2000, 661
2000, 639
2000, 685
2000, 644
2000, 644
2000, 660
2000, 685
2000, 655
2000, 639
2000, 658
2000, 640
2000, 661
2000, 664
2000, 652
2000, 681
2000, 654
2000, 648
2000, 641
2000, 664
2000, 636
2000, 655
2000, 637
2000, 667
2000, 645
2000, 645
2000, 632
2000, 635
2000, 655
2000, 649
2000, 658
2000, 640
2000, 653
2000, 650
2000, 663
2000, 644
2000, 655
2000, 659
2000, 651
2000, 674
2000, 658
2000, 653
2000, 668
2000, 665
2000, 661
2000, 638
2000, 678
2000, 643
2000, 680
2000, 660
2000, 663
2000, 654
2000, 660
2000, 647
2000, 682
2000, 661
2000, 644
2000, 655
2000, 676
2000, 670
2000, 657
2000, 657
2000, 657
2000, 648
2000, 653
2000, 675
size,mean
2250, 657
2250, 661
2250, 671
2250, 669
2250, 653
2250, 658
2250, 652
2250, 660
2250, 676
2250, 640
2250, 663
2250, 661
2250, 645
2250, 675
2250, 646
2250, 643
2250, 672
2250, 652
2250, 654
2250, 653
2250, 646
2250, 674
2250, 661
2250, 662
2250, 657
2250, 669
2250, 651
2250, 648
2250, 652
2250, 661
2250, 648
2250, 639
2250, 663
2250, 665
2250, 658
2250, 649
2250, 641
2250, 654
2250, 648
2250, 663
2250, 658
2250, 658
2250, 642
2250, 664
2250, 658
2250, 685
2250, 643
2250, 666
2250, 665
2250, 673
2250, 657
2250, 654
2250, 653
2250, 649
2250, 651
2250, 655
2250, 623
2250, 661
2250, 674
2250, 660
2250, 648
2250, 649
2250, 647
2250, 665
2250, 660
2250, 689
2250, 659
2250, 657
2250, 654
2250, 673
2250, 644
2250, 674
2250, 667
2250, 660
2250, 644
2250, 644
2250, 640
2250, 659
2250, 682
2250, 665
2250, 653
2250, 658
2250, 666
2250, 655
2250, 672
2250, 655
2250, 662
2250, 640
2250, 646
2250, 663
2250, 669
2250, 671
2250, 665
2250, 654
2250, 656
2250, 640
2250, 665
2250, 643
2250, 664
2250, 656
2250, 675
2250, 656
2250, 649
2250, 676
2250, 666
2250, 677
2250, 659
2250, 630
2250, 643
2250, 658
2250, 665
2250, 666
2250, 669
2250, 648
2250, 679
2250, 647
2250, 654
2250, 666
2250, 656
2250, 645
2250, 639
2250, 652
2250, 682
2250, 669
2250, 638
2250, 655
2250, 663
2250, 620
2250, 639
2250, 658
2250, 662
2250, 669
2250, 649
2250, 646
2250, 669
2250, 648
2250, 661
2250, 673
2250, 660
2250, 659
2250, 663
2250, 653
2250, 666
2250, 631
2250, 649
2250, 689
2250, 682
2250, 660
2250, 650
2250, 660
2250, 681
2250, 649
2250, 660
2250, 676
2250, 638
2250, 647
2250, 639
2250, 648
2250, 657
2250, 669
2250, 668
2250, 659
2250, 678
2250, 625
2250, 637
2250, 661
2250, 648
2250, 667
2250, 671
2250, 637
2250, 671
2250, 660
2250, 645
2250, 661
2250, 647
2250, 668
2250, 645
2250, 655
2250, 664
2250, 659
2250, 648
2250, 658
2250, 654
2250, 633
2250, 677
2250, 647
2250, 647
2250, 656
2250, 658
2250, 683
2250, 653
2250, 672
2250, 661
2250, 659
2250, 683
2250, 657
2250, 638
2250, 663
2250, 668
2250, 645
2250, 666
2250, 657
2250, 661
2250, 673
2250, 682
2250, 664
2250, 655
2250, 653
2250, 646
2250, 675
2250, 691
2250, 649
2250, 661
2250, 672
2250, 664
2250, 643
2250, 665
2250, 654
2250, 654
2250, 676
2250, 658
2250, 679
2250, 652
2250, 662
2250, 655
2250, 660
2250, 658
2250, 647
2250, 666
2250, 651
2250, 633
2250, 648
2250, 640
2250, 647
2250, 646
2250, 677
2250, 669
2250, 657
2250, 660
2250, 655
2250, 656
2250, 642
2250, 640
2250, 626
2250, 663
2250, 647
2250, 654
2250, 662
2250, 647
2250, 681
size,mean
2500, 667
2500, 648
2500, 654
2500, 640
2500, 650
2500, 670
2500, 670
2500, 670
2500, 664
2500, 655
2500, 660
2500, 660
2500, 654
2500, 645
2500, 672
2500, 636
2500, 660
2500, 645
2500, 673
2500, 676
2500, 657
2500, 656
2500, 655
2500, 669
2500, 674
2500, 678
2500, 645
2500, 653
2500, 663
2500, 653
2500, 674
2500, 666
2500, 665
2500, 668
2500, 650
2500, 671
2500, 680
2500, 653
2500, 659
2500, 662
2500, 644
2500, 648
2500, 660
2500, 650
2500, 655
2500, 646
2500, 650
2500, 666
2500, 656
2500, 651
2500, 661
2500, 658
2500, 657
2500, 648
2500, 656
2500, 643
2500, 651
2500, 646
2500, 658
2500, 662
2500, 650
2500, 670
2500, 651
2500, 664
2500, 649
2500, 657
2500, 647
2500, 665
2500, 666
2500, 656
2500, 647
2500, 645
2500, 648
2500, 652
2500, 652
2500, 665
2500, 653
2500, 641
2500, 636
2500, 638
2500, 657
2500, 684
2500, 675
2500, 662
2500, 652
2500, 640
2500, 655
2500, 654
2500, 660
2500, 647
2500, 657
2500, 670
2500, 656
2500, 674
2500, 656
2500, 668
2500, 677
2500, 652
2500, 676
2500, 646
2500, 662
2500, 653
2500, 656
2500, 627
2500, 657
2500, 661
2500, 652
2500, 659
2500, 638
2500, 636
2500, 652
2500, 640
2500, 655
2500, 674
2500, 672
2500, 663
2500, 665
2500, 677
2500, 667
2500, 654
2500, 672
2500, 673
2500, 662
2500, 661
2500, 657
2500, 653
2500, 633
2500, 658
2500, 663
2500, 660
2500, 663
2500, 652
2500, 646
2500, 663
2500, 666
2500, 657
2500, 658
2500, 640
2500, 641
2500, 672
2500, 653
2500, 663
2500, 661
2500, 667
2500, 649
2500, 657
2500, 653
2500, 645
2500, 669
2500, 678
2500, 682
2500, 648
2500, 657
2500, 654
2500, 638
2500, 629
2500, 668
2500, 656
2500, 643
2500, 677
2500, 671
2500, 662
2500, 642
2500, 664
2500, 647
2500, 660
2500, 653
2500, 667
2500, 653
2500, 650
2500, 653
2500, 668
2500, 642
2500, 655
2500, 648
2500, 664
2500, 659
2500, 666
2500, 655
2500, 665
2500, 664
2500, 656
2500, 657
2500, 666
2500, 642
2500, 670
2500, 670
2500, 651
2500, 658
2500, 635
2500, 664
2500, 648
2500, 653
2500, 665
2500, 645
2500, 661
2500, 661
2500, 672
2500, 647
2500, 645
2500, 670
2500, 638
2500, 654
2500, 646
2500, 663
2500, 648
2500, 665
2500, 646
2500, 662
2500, 660
2500, 646
2500, 657
2500, 679
2500, 668
2500, 650
2500, 636
2500, 661
2500, 659
2500, 654
2500, 647
2500, 665
2500, 662
2500, 661
2500, 668
2500, 653
2500, 665
2500, 635
2500, 655
2500, 661
2500, 660
2500, 643
2500, 653
2500, 674
2500, 649
2500, 665
2500, 660
2500, 663
2500, 644
2500, 669
2500, 655
2500, 663
2500, 653
2500, 664
2500, 670
2500, 644
2500, 666
2500, 673
2500, 651
2500, 641
2500, 655
size,mean
2750, 659
2750, 663
2750, 654
2750, 665
2750, 664
2750, 658
2750, 664
2750, 648
2750, 666
2750, 665
2750, 646
2750, 663
2750, 667
2750, 641
2750, 670
2750, 643
2750, 662
2750, 684
2750, 644
2750, 671
2750, 647
2750, 641
2750, 675
2750, 678
2750, 653
2750, 681
2750, 657
2750, 669
2750, 666
2750, 653
2750, 665
2750, 656
2750, 658
2750, 660
2750, 651
2750, 646
2750, 665
2750, 657
2750, 657
2750, 664
2750, 646
2750, 629
2750, 658
2750, 645
2750, 680
2750, 642
2750, 647
2750, 671
2750, 683
2750, 680
2750, 659
2750, 663
2750, 665
2750, 660
2750, 642
2750, 651
2750, 650
2750, 662
2750, 661
2750, 661
2750, 641
2750, 634
2750, 663
2750, 662
2750, 662
2750, 655
2750, 665
2750, 646
2750, 647
2750, 659
2750, 662
2750, 667
2750, 652
2750, 656
2750, 676
2750, 648
2750, 660
2750, 666
2750, 667
2750, 654
2750, 676
2750, 666
2750, 653
2750, 647
2750, 661
2750, 667
2750, 667
2750, 649
2750, 657
2750, 656
2750, 634
2750, 664
2750, 656
2750, 662
2750, 658
2750, 677
2750, 632
2750, 651
2750, 650
2750, 647
2750, 677
2750, 657
2750, 669
2750, 667
2750, 659
2750, 662
2750, 656
2750, 698
2750, 657
2750, 665
2750, 659
2750, 668
2750, 666
2750, 660
2750, 645
2750, 664
2750, 657
2750, 637
2750, 668
2750, 676
2750, 631
2750, 672
2750, 664
2750, 654
2750, 630
2750, 647
2750, 673
2750, 646
2750, 672
2750, 657
2750, 645
2750, 658
2750, 648
2750, 659
2750, 668
2750, 653
2750, 649
2750, 662
2750, 637
2750, 673
2750, 656
2750, 644
2750, 649
2750, 669
2750, 641
2750, 656
2750, 673
2750, 654
2750, 679
2750, 657
2750, 651
2750, 664
2750, 646
2750, 644
2750, 643
2750, 660
2750, 651
2750, 678
2750, 664
2750, 641
2750, 653
2750, 667
2750, 663
2750, 648
2750, 666
2750, 657
2750, 661
2750, 658
2750, 666
2750, 644
2750, 639
2750, 686
2750, 650
2750, 666
2750, 647
2750, 655
2750, 668
2750, 664
2750, 678
2750, 652
2750, 671
2750, 660
2750, 665
2750, 638
2750, 652
2750, 662
2750, 660
2750, 658
2750, 642
2750, 641
2750, 656
2750, 656
2750, 664
2750, 655
2750, 651
2750, 664
2750, 661
2750, 661
2750, 667
2750, 650
2750, 654
2750, 662
2750, 644
2750, 664
2750, 646
2750, 662
2750, 674
2750, 651
2750, 646
2750, 659
2750, 657
2750, 648
2750, 660
2750, 673
2750, 653
2750, 652
2750, 657
2750, 639
2750, 671
2750, 646
2750, 663
2750, 681
2750, 661
2750, 668
2750, 653
2750, 645
2750, 665
2750, 654
2750, 678
2750, 651
2750, 661
2750, 648
2750, 652
2750, 668
2750, 648
2750, 670
2750, 658
2750, 671
2750, 659
2750, 668
2750, 658
2750, 654
2750, 663
2750, 651
2750, 640
2750, 649
2750, 663
2750, 668
2750, 661
2750, 668
size,mean
3000, 665
3000, 658
3000, 681
3000, 651
3000, 666
3000, 655
3000, 652
3000, 666
3000, 660
3000, 668
3000, 654
3000, 664
3000, 659
3000, 675
3000, 667
3000, 651
3000, 669
3000, 666
3000, 669
3000, 659
3000, 661
3000, 661
3000, 656
3000, 639
3000, 660
3000, 636
3000, 663
3000, 660
3000, 666
3000, 661
3000, 675
3000, 669
3000, 642
3000, 666
3000, 653
3000, 654
3000, 658
3000, 665
3000, 639
3000, 666
3000, 673
3000, 671
3000, 655
3000, 651
3000, 662
3000, 675
3000, 664
3000, 657
3000, 663
3000, 660
3000, 655
3000, 666
3000, 647
3000, 652
3000, 658
3000, 657
3000, 664
3000, 643
3000, 656
3000, 647
3000, 645
3000, 674
3000, 648
3000, 668
3000, 650
3000, 676
3000, 657
3000, 652
3000, 677
3000, 667
3000, 668
3000, 647
3000, 644
3000, 653
3000, 659
3000, 654
3000, 639
3000, 651
3000, 673
3000, 658
3000, 665
3000, 645
3000, 634
3000, 650
3000, 667
3000, 662
3000, 654
3000, 651
3000, 656
3000, 641
3000, 642
3000, 672
3000, 673
3000, 676
3000, 675
3000, 655
3000, 639
3000, 652
3000, 649
3000, 651
3000, 662
3000, 669
3000, 631
3000, 655
3000, 663
3000, 651
3000, 649
3000, 657
3000, 637
3000, 660
3000, 651
3000, 650
3000, 650
3000, 659
3000, 649
3000, 643
3000, 642
3000, 664
3000, 662
3000, 671
3000, 657
3000, 661
3000, 646
3000, 669
3000, 663
3000, 684
3000, 658
3000, 648
3000, 661
3000, 663
3000, 661
3000, 663
3000, 673
3000, 651
3000, 641
3000, 653
3000, 656
3000, 648
3000, 661
3000, 644
3000, 645
3000, 651
3000, 660
3000, 656
3000, 656
3000, 655
3000, 655
3000, 647
3000, 652
3000, 677
3000, 660
3000, 648
3000, 656
3000, 652
3000, 672
3000, 647
3000, 678
3000, 650
3000, 638
3000, 666
3000, 659
3000, 638
3000, 661
3000, 638
3000, 649
3000, 653
3000, 645
3000, 644
3000, 661
3000, 648
3000, 646
3000, 655
3000, 660
3000, 660
3000, 651
3000, 650
3000, 672
3000, 643
3000, 636
3000, 654
3000, 654
3000, 648
3000, 656
3000, 670
3000, 672
3000, 662
3000, 652
3000, 665
3000, 651
3000, 649
3000, 672
3000, 662
3000, 657
3000, 646
3000, 666
3000, 652
3000, 655
3000, 662
3000, 646
3000, 662
3000, 663
3000, 660
3000, 671
3000, 644
3000, 652
3000, 656
3000, 674
3000, 653
3000, 663
3000, 669
3000, 664
3000, 648
3000, 663
3000, 647
3000, 651
3000, 655
3000, 656
3000, 664
3000, 650
3000, 665
3000, 636
3000, 649
3000, 663
3000, 656
3000, 657
3000, 651
3000, 671
3000, 655
3000, 658
3000, 642
3000, 660
3000, 656
3000, 654
3000, 658
3000, 651
3000, 661
3000, 640
3000, 651
3000, 664
3000, 650
3000, 655
3000, 680
3000, 644
3000, 646
3000, 652
3000, 655
3000, 656
3000, 653
3000, 657
3000, 638
size,mean
3250, 678
3250, 681
3250, 672
3250, 653
3250, 664
3250, 666
3250, 662
3250, 653
3250, 638
3250, 662
3250, 667
3250, 639
3250, 659
3250, 665
3250, 665
3250, 660
3250, 639
3250, 675
3250, 666
3250, 649
3250, 666
3250, 667
3250, 663
3250, 670
3250, 682
3250, 661
3250, 658
3250, 660
3250, 645
3250, 651
3250, 662
3250, 655
3250, 632
3250, 645
3250, 655
3250, 664
3250, 664
3250, 659
3250, 661
3250, 656
3250, 651
3250, 654
3250, 657
3250, 656
3250, 660
3250, 644
3250, 664
3250, 668
3250, 664
3250, 649
3250, 646
3250, 657
3250, 662
3250, 645
3250, 662
3250, 657
3250, 649
3250, 666
3250, 664
3250, 654
3250, 668
3250, 664
3250, 656
3250, 656
3250, 655
3250, 664
3250, 659
3250, 669
3250, 662
3250, 647
3250, 670
3250, 674
3250, 668
3250, 649
3250, 661
3250, 667
3250, 644
3250, 653
3250, 664
3250, 647
3250, 663
3250, 656
3250, 666
3250, 662
3250, 658
3250, 671
3250, 636
3250, 661
3250, 645
3250, 670
3250, 663
3250, 668
3250, 658
3250, 652
3250, 658
3250, 650
3250, 664
3250, 650
3250, 647
3250, 652
3250, 651
3250, 643
3250, 659
3250, 661
3250, 666
3250, 688
3250, 636
3250, 673
3250, 648
3250, 665
3250, 635
3250, 663
3250, 665
3250, 628
3250, 647
3250, 659
3250, 659
3250, 646
3250, 662
3250, 656
3250, 648
3250, 669
3250, 680
3250, 654
3250, 633
3250, 651
3250, 657
3250, 642
3250, 666
3250, 671
3250, 655
3250, 663
3250, 647
3250, 654
3250, 651
3250, 657
3250, 638
3250, 654
3250, 651
3250, 665
3250, 666
3250, 672
3250, 657
3250, 661
3250, 642
3250, 669
3250, 665
3250, 659
3250, 667
3250, 665
3250, 643
3250, 648
3250, 673
3250, 648
3250, 644
3250, 667
3250, 658
3250, 659
3250, 675
3250, 654
3250, 650
3250, 657
3250, 649
3250, 670
3250, 658
3250, 644
3250, 657
3250, 661
3250, 664
3250, 661
3250, 636
3250, 659
3250, 654
3250, 641
3250, 644
3250, 655
3250, 671
3250, 644
3250, 668
3250, 674
3250, 657
3250, 654
3250, 648
3250, 651
3250, 632
3250, 644
3250, 674
3250, 670
3250, 652
3250, 655
3250, 648
3250, 645
3250, 649
3250, 649
3250, 675
3250, 653
3250, 665
3250, 662
3250, 652
3250, 666
3250, 660
3250, 661
3250, 647
3250, 669
3250, 643
3250, 635
3250, 663
3250, 649
3250, 664
3250, 668
3250, 664
3250, 654
3250, 663
3250, 671
3250, 654
3250, 669
3250, 665
3250, 654
3250, 686
3250, 656
3250, 647
3250, 675
3250, 664
3250, 649
3250, 649
3250, 661
3250, 681
3250, 664
3250, 669
3250, 677
3250, 660
3250, 661
3250, 642
3250, 654
3250, 642
3250, 644
3250, 662
3250, 648
3250, 676
3250, 651
3250, 655
3250, 660
3250, 669
3250, 644
3250, 651
3250, 656
3250, 669
3250, 644
3250, 670
3250, 652
size,mean
3500, 655
3500, 678
3500, 648
3500, 662
3500, 649
3500, 663
3500, 652
3500, 670
3500, 660
3500, 653
3500, 670
3500, 666
3500, 650
3500, 645
3500, 649
3500, 656
3500, 655
3500, 653
3500, 642
3500, 677
3500, 682
3500, 675
3500, 654
3500, 668
3500, 672
3500, 654
3500, 651
3500, 658
3500, 660
3500, 674
3500, 655
3500, 649
3500, 652
3500, 658
3500, 665
3500, 640
3500, 648
3500, 671
3500, 667
3500, 659
3500, 659
3500, 641
3500, 655
3500, 653
3500, 666
3500, 653
3500, 648
3500, 652
3500, 656
3500, 659
3500, 662
3500, 661
3500, 655
3500, 651
3500, 642
3500, 658
3500, 649
3500, 646
3500, 654
3500, 645
3500, 641
3500, 659
3500, 645
3500, 676
3500, 666
3500, 675
3500, 670
3500, 664
3500, 655
3500, 660
3500, 659
3500, 672
3500, 655
3500, 666
3500, 652
3500, 657
3500, 665
3500, 652
3500, 662
3500, 654
3500, 652
3500, 638
3500, 656
3500, 664
3500, 644
3500, 649
3500, 668
3500, 671
3500, 658
3500, 656
3500, 660
3500, 664
3500, 664
3500, 661
3500, 653
3500, 639
3500, 642
3500, 664
3500, 664
3500, 649
3500, 659
3500, 655
3500, 657
3500, 644
3500, 666
3500, 664
3500, 666
3500, 657
3500, 648
3500, 650
3500, 675
3500, 664
3500, 672
3500, 671
3500, 646
3500, 672
3500, 651
3500, 666
3500, 663
3500, 654
3500, 663
3500, 661
3500, 633
3500, 664
3500, 668
3500, 666
3500, 642
3500, 644
3500, 648
3500, 647
3500, 655
3500, 663
3500, 655
3500, 649
3500, 652
3500, 661
3500, 661
3500, 659
3500, 667
3500, 654
3500, 673
3500, 662
3500, 649
3500, 656
3500, 659
3500, 654
3500, 671
3500, 660
3500, 655
3500, 649
3500, 651
3500, 664
3500, 654
3500, 663
3500, 649
3500, 648
3500, 668
3500, 640
3500, 644
3500, 653
3500, 643
3500, 662
3500, 652
3500, 639
3500, 666
3500, 657
3500, 642
3500, 641
3500, 667
3500, 648
3500, 653
3500, 639
3500, 671
3500, 666
3500, 642
3500, 665
3500, 646
3500, 660
3500, 667
3500, 653
3500, 662
3500, 664
3500, 657
3500, 652
3500, 653
3500, 670
3500, 641
3500, 650
3500, 657
3500, 657
3500, 656
3500, 633
3500, 662
3500, 658
3500, 649
3500, 652
3500, 647
3500, 655
3500, 651
3500, 670
3500, 649
3500, 662
3500, 661
3500, 658
3500, 659
3500, 656
3500, 663
3500, 659
3500, 667
3500, 665
3500, 658
3500, 653
3500, 655
3500, 648
3500, 652
3500, 671
3500, 666
3500, 658
3500, 658
3500, 669
3500, 658
3500, 665
3500, 639
3500, 650
3500, 670
3500, 651
3500, 663
3500, 669
3500, 653
3500, 659
3500, 655
3500, 656
3500, 643
3500, 660
3500, 675
3500, 673
3500, 634
3500, 667
3500, 675
3500, 666
3500, 666
3500, 651
3500, 672
3500, 664
3500, 672
3500, 645
3500, 670
3500, 635
3500, 663
3500, 638
size,mean
3750, 660
3750, 655
3750, 660
3750, 679
3750, 644
3750, 648
3750, 662
3750, 654
3750, 671
3750, 650
3750, 652
3750, 661
3750, 651
3750, 660
3750, 663
3750, 670
3750, 659
3750, 662
3750, 659
3750, 644
3750, 653
3750, 653
3750, 652
3750, 664
3750, 676
3750, 654
3750, 662
3750, 658
3750, 662
3750, 653
3750, 649
3750, 673
3750, 662
3750, 669
3750, 661
3750, 670
3750, 657
3750, 645
3750, 665
3750, 676
3750, 650
3750, 645
3750, 673
3750, 644
3750, 652
3750, 647
3750, 674
3750, 654
3750, 664
3750, 659
3750, 663
3750, 659
3750, 641
3750, 661
3750, 643
3750, 659
3750, 660
3750, 659
3750, 638
3750, 664
3750, 665
3750, 652
3750, 653
3750, 657
3750, 661
3750, 671
3750, 653
3750, 671
3750, 660
3750, 647
3750, 664
3750, 642
3750, 654
3750, 642
3750, 664
3750, 646
3750, 654
3750, 652
3750, 654
3750, 655
3750, 656
3750, 658
3750, 662
3750, 648
3750, 645
3750, 626
3750, 658
3750, 652
3750, 650
3750, 653
3750, 647
3750, 658
3750, 659
3750, 653
3750, 671
3750, 654
3750, 649
3750, 670
3750, 646
3750, 655
3750, 666
3750, 652
3750, 674
3750, 672
3750, 663
3750, 649
3750, 655
3750, 671
3750, 670
3750, 674
3750, 650
3750, 665
3750, 656
3750, 671
3750, 671
3750, 675
3750, 657
3750, 674
3750, 655
3750, 641
3750, 655
3750, 663
3750, 646
3750, 643
3750, 654
3750, 660
3750, 654
3750, 665
3750, 653
3750, 660
3750, 667
3750, 653
3750, 664
3750, 662
3750, 652
3750, 656
3750, 664
3750, 651
3750, 672
3750, 656
3750, 650
3750, 657
3750, 653
3750, 672
3750, 649
3750, 659
3750, 662
3750, 644
3750, 663
3750, 646
3750, 661
3750, 665
3750, 652
3750, 669
3750, 661
3750, 666
3750, 658
3750, 647
3750, 671
3750, 678
3750, 650
3750, 649
3750, 665
3750, 639
3750, 665
3750, 673
3750, 661
3750, 666
3750, 663
3750, 655
3750, 660
3750, 658
3750, 670
3750, 657
3750, 672
3750, 653
3750, 657
3750, 655
3750, 660
3750, 654
3750, 670
3750, 667
3750, 658
3750, 661
3750, 651
3750, 648
3750, 657
3750, 659
3750, 657
3750, 653
3750, 652
3750, 656
3750, 653
3750, 654
3750, 649
3750, 658
3750, 660
3750, 653
3750, 650
3750, 665
3750, 651
3750, 675
3750, 664
3750, 650
3750, 655
3750, 645
3750, 669
3750, 647
3750, 662
3750, 664
3750, 675
3750, 653
3750, 669
3750, 653
3750, 674
3750, 667
3750, 654
3750, 651
3750, 657
3750, 662
3750, 653
3750, 675
3750, 671
3750, 656
3750, 654
3750, 663
3750, 667
3750, 640
3750, 653
3750, 643
3750, 662
3750, 661
3750, 665
3750, 651
3750, 652
3750, 668
3750, 658
3750, 657
3750, 656
3750, 659
3750, 652
3750, 645
3750, 669
3750, 659
3750, 649
3750, 649
3750, 649
3750, 660
3750, 665
3750, 657
size,mean
4000, 657
4000, 656
4000, 646
4000, 662
4000, 643
4000, 661
4000, 665
4000, 667
4000, 662
4000, 654
4000, 653
4000, 666
4000, 652
4000, 655
4000, 656
4000, 650
4000, 652
4000, 653
4000, 651
4000, 657
4000, 644
4000, 660
4000, 659
4000, 666
4000, 667
4000, 624
4000, 659
4000, 648
4000, 656
4000, 650
4000, 656
4000, 672
4000, 647
4000, 661
4000, 660
4000, 667
4000, 665
4000, 653
4000, 668
4000, 645
4000, 664
4000, 651
4000, 637
4000, 649
4000, 656
4000, 656
4000, 658
4000, 637
4000, 663
4000, 668
4000, 662
4000, 657
4000, 665
4000, 675
4000, 646
4000, 663
4000, 633
4000, 659
4000, 650
4000, 669
4000, 666
4000, 678
4000, 659
4000, 648
4000, 672
4000, 664
4000, 649
4000, 638
4000, 647
4000, 672
4000, 654
4000, 660
4000, 643
4000, 660
4000, 678
4000, 652
4000, 648
4000, 656
4000, 650
4000, 650
4000, 646
4000, 674
4000, 656
4000, 646
4000, 660
4000, 655
4000, 658
4000, 658
4000, 664
4000, 667
4000, 673
4000, 649
4000, 648
4000, 671
4000, 651
4000, 654
4000, 650
4000, 657
4000, 655
4000, 648
4000, 659
4000, 661
4000, 642
4000, 667
4000, 654
4000, 669
4000, 670
4000, 664
4000, 663
4000, 647
4000, 666
4000, 643
4000, 660
4000, 662
4000, 656
4000, 657
4000, 653
4000, 668
4000, 653
4000, 647
4000, 656
4000, 652
4000, 660
4000, 646
4000, 668
4000, 654
4000, 662
4000, 671
4000, 661
4000, 638
4000, 651
4000, 654
4000, 659
4000, 643
4000, 655
4000, 650
4000, 662
4000, 660
4000, 664
4000, 652
4000, 672
4000, 660
4000, 658
4000, 645
4000, 670
4000, 656
4000, 670
4000, 669
4000, 641
4000, 654
4000, 661
4000, 664
4000, 663
4000, 658
4000, 653
4000, 661
4000, 641
4000, 639
4000, 656
4000, 662
4000, 657
4000, 658
4000, 661
4000, 663
4000, 653
4000, 663
4000, 664
4000, 651
4000, 659
4000, 646
4000, 688
4000, 663
4000, 656
4000, 651
4000, 662
4000, 668
4000, 655
4000, 663
4000, 661
4000, 644
4000, 659
4000, 663
4000, 650
4000, 658
4000, 654
4000, 660
4000, 649
4000, 654
4000, 662
4000, 659
4000, 663
4000, 656
4000, 661
4000, 666
4000, 660
4000, 646
4000, 660
4000, 659
4000, 641
4000, 648
4000, 655
4000, 665
4000, 665
4000, 660
4000, 661
4000, 639
4000, 647
4000, 661
4000, 638
4000, 667
4000, 659
4000, 661
4000, 660
4000, 660
4000, 652
4000, 661
4000, 657
4000, 647
4000, 667
4000, 659
4000, 654
4000, 666
4000, 641
4000, 664
4000, 663
4000, 657
4000, 666
4000, 676
4000, 665
4000, 660
4000, 648
4000, 647
4000, 667
4000, 661
4000, 662
4000, 639
4000, 660
4000, 667
4000, 656
4000, 668
4000, 650
4000, 663
4000, 666
4000, 659
4000, 662
4000, 673
4000, 661
4000, 665
4000, 650
4000, 658
size,mean
4250, 658
4250, 673
4250, 645
4250, 659
4250, 667
4250, 652
4250, 667
4250, 650
4250, 669
4250, 682
4250, 660
4250, 653
4250, 662
4250, 668
4250, 654
4250, 646
4250, 664
4250, 653
4250, 660
4250, 670
4250, 654
4250, 658
4250, 647
4250, 662
4250, 683
4250, 668
4250, 666
4250, 656
4250, 668
4250, 667
4250, 658
4250, 650
4250, 663
4250, 662
4250, 664
4250, 635
4250, 661
4250, 661
4250, 649
4250, 665
4250, 660
4250, 662
4250, 657
4250, 655
4250, 658
4250, 669
4250, 665
4250, 657
4250, 649
4250, 658
4250, 640
4250, 661
4250, 647
4250, 644
4250, 662
4250, 661
4250, 662
4250, 648
4250, 652
4250, 656
4250, 661
4250, 657
4250, 641
4250, 652
4250, 648
4250, 654
4250, 664
4250, 652
4250, 667
4250, 665
4250, 668
4250, 657
4250, 665
4250, 653
4250, 660
4250, 650
4250, 673
4250, 667
4250, 648
4250, 652
4250, 657
4250, 680
4250, 670
4250, 653
4250, 663
4250, 669
4250, 650
4250, 650
4250, 660
4250, 661
4250, 649
4250, 670
4250, 657
4250, 657
4250, 655
4250, 649
4250, 662
4250, 643
4250, 652
4250, 649
4250, 666
4250, 667
4250, 665
4250, 665
4250, 649
4250, 666
4250, 658
4250, 668
4250, 651
4250, 660
4250, 655
4250, 647
4250, 674
4250, 651
4250, 658
4250, 655
4250, 654
4250, 668
4250, 660
4250, 661
4250, 668
4250, 651
4250, 654
4250, 655
4250, 659
4250, 651
4250, 655
4250, 666
4250, 665
4250, 652
4250, 658
4250, 661
4250, 664
4250, 665
4250, 665
4250, 671
4250, 654
4250, 662
4250, 659
4250, 655
4250, 656
4250, 652
4250, 645
4250, 661
4250, 647
4250, 646
4250, 644
4250, 662
4250, 653
4250, 653
4250, 655
4250, 662
4250, 648
4250, 672
4250, 662
4250, 654
4250, 653
4250, 654
4250, 645
4250, 665
4250, 644
4250, 655
4250, 651
4250, 671
4250, 654
4250, 651
4250, 659
4250, 659
4250, 654
4250, 674
4250, 658
4250, 676
4250, 657
4250, 651
4250, 667
4250, 654
4250, 659
4250, 662
4250, 659
4250, 649
4250, 673
4250, 658
4250, 656
4250, 648
4250, 676
4250, 663
4250, 662
4250, 657
4250, 661
4250, 646
4250, 690
4250, 671
4250, 643
4250, 655
4250, 663
4250, 664
4250, 657
4250, 660
4250, 650
4250, 657
4250, 664
4250, 649
4250, 660
4250, 658
4250, 647
4250, 658
4250, 652
4250, 666
4250, 656
4250, 666
4250, 666
4250, 667
4250, 669
4250, 660
4250, 654
4250, 671
4250, 652
4250, 650
4250, 679
4250, 672
4250, 660
4250, 654
4250, 665
4250, 649
4250, 648
4250, 637
4250, 663
4250, 649
4250, 661
4250, 655
4250, 639
4250, 661
4250, 662
4250, 671
4250, 673
4250, 651
4250, 659
4250, 672
4250, 640
4250, 658
4250, 662
4250, 652
4250, 642
4250, 650
4250, 668
4250, 662
4250, 660
4250, 660
4250, 659
4250, 667
size,mean
4500, 665
4500, 659
4500, 653
4500, 658
4500, 664
4500, 654
4500, 653
4500, 672
4500, 670
4500, 669
4500, 644
4500, 657
4500, 655
4500, 647
4500, 650
4500, 659
4500, 665
4500, 648
4500, 652
4500, 661
4500, 653
4500, 651
4500, 651
4500, 659
4500, 657
4500, 665
4500, 668
4500, 662
4500, 649
4500, 667
4500, 647
4500, 656
4500, 661
4500, 660
4500, 658
4500, 653
4500, 665
4500, 650
4500, 661
4500, 655
4500, 649
4500, 666
4500, 644
4500, 664
4500, 659
4500, 648
4500, 662
4500, 665
4500, 650
4500, 659
4500, 657
4500, 645
4500, 653
4500, 653
4500, 645
4500, 659
4500, 652
4500, 665
4500, 643
4500, 656
4500, 657
4500, 665
4500, 659
4500, 656
4500, 657
4500, 655
4500, 650
4500, 649
4500, 648
4500, 656
4500, 649
4500, 643
4500, 661
4500, 639
4500, 654
4500, 676
4500, 655
4500, 653
4500, 655
4500, 666
4500, 664
4500, 662
4500, 664
4500, 653
4500, 663
4500, 650
4500, 662
4500, 658
4500, 659
4500, 643
4500, 662
4500, 656
4500, 654
4500, 660
4500, 658
4500, 641
4500, 658
4500, 650
4500, 646
4500, 670
4500, 659
4500, 641
4500, 636
4500, 658
4500, 655
4500, 652
4500, 651
4500, 657
4500, 648
4500, 650
4500, 657
4500, 663
4500, 659
4500, 652
4500, 667
4500, 655
4500, 660
4500, 663
4500, 641
4500, 648
4500, 658
4500, 648
4500, 663
4500, 662
4500, 653
4500, 650
4500, 646
4500, 640
4500, 655
4500, 665
4500, 659
4500, 649
4500, 657
4500, 647
4500, 650
4500, 649
4500, 657
4500, 671
4500, 649
4500, 651
4500, 662
4500, 656
4500, 642
4500, 674
4500, 658
4500, 647
4500, 652
4500, 673
4500, 655
4500, 665
4500, 651
4500, 676
4500, 657
4500, 646
4500, 659
4500, 661
4500, 657
4500, 640
4500, 656
4500, 660
4500, 657
4500, 654
4500, 636
4500, 659
4500, 645
4500, 658
4500, 674
4500, 670
4500, 659
4500, 643
4500, 654
4500, 664
4500, 661
4500, 657
4500, 646
4500, 647
4500, 660
4500, 646
4500, 661
4500, 642
4500, 682
4500, 654
4500, 671
4500, 665
4500, 670
4500, 652
4500, 676
4500, 657
4500, 674
4500, 660
4500, 639
4500, 654
4500, 651
4500, 668
4500, 662
4500, 654
4500, 654
4500, 661
4500, 647
4500, 659
4500, 663
4500, 668
4500, 662
4500, 657
4500, 649
4500, 650
4500, 656
4500, 666
4500, 663
4500, 651
4500, 659
4500, 667
4500, 669
4500, 666
4500, 666
4500, 653
4500, 654
4500, 644
4500, 655
4500, 658
4500, 657
4500, 656
4500, 655
4500, 672
4500, 662
4500, 659
4500, 655
4500, 669
4500, 677
4500, 652
4500, 662
4500, 667
4500, 660
4500, 666
4500, 652
4500, 659
4500, 672
4500, 670
4500, 655
4500, 647
4500, 654
4500, 660
4500, 657
4500, 646
4500, 648
4500, 664
4500, 658
4500, 656
4500, 654
4500, 655
size,mean
4750, 652
4750, 661
4750, 660
4750, 654
4750, 660
4750, 665
4750, 649
4750, 663
4750, 657
4750, 655
4750, 640
4750, 667
4750, 664
4750, 652
4750, 652
4750, 660
4750, 654
4750, 662
4750, 664
4750, 654
4750, 668
4750, 672
4750, 649
4750, 655
4750, 661
4750, 665
4750, 665
4750, 647
4750, 659
4750, 651
4750, 668
4750, 675
4750, 650
4750, 660
4750, 647
4750, 653
4750, 655
4750, 656
4750, 661
4750, 644
4750, 652
4750, 651
4750, 662
4750, 654
4750, 653
4750, 659
4750, 662
4750, 668
4750, 664
4750, 657
4750, 656
4750, 654
4750, 670
4750, 658
4750, 675
4750, 667
4750, 663
4750, 663
4750, 670
4750, 655
4750, 652
4750, 658
4750, 662
4750, 648
4750, 652
4750, 665
4750, 654
4750, 652
4750, 647
4750, 646
4750, 675
4750, 659
4750, 656
4750, 660
4750, 651
4750, 672
4750, 645
4750, 663
4750, 655
4750, 670
4750, 645
4750, 657
4750, 661
4750, 658
4750, 650
4750, 661
4750, 647
4750, 672
4750, 654
4750, 654
4750, 660
4750, 652
4750, 660
4750, 661
4750, 657
4750, 658
4750, 674
4750, 659
4750, 656
4750, 658
4750, 657
4750, 657
4750, 649
4750, 649
4750, 652
4750, 659
4750, 658
4750, 665
4750, 668
4750, 651
4750, 649
4750, 675
4750, 659
4750, 659
4750, 644
4750, 659
4750, 657
4750, 665
4750, 662
4750, 667
4750, 647
4750, 663
4750, 652
4750, 662
4750, 640
4750, 648
4750, 663
4750, 639
4750, 655
4750, 645
4750, 677
4750, 671
4750, 652
4750, 655
4750, 662
4750, 636
4750, 658
4750, 652
4750, 660
4750, 651
4750, 651
4750, 658
4750, 653
4750, 663
4750, 680
4750, 656
4750, 648
4750, 655
4750, 656
4750, 654
4750, 656
4750, 671
4750, 668
4750, 664
4750, 649
4750, 670
4750, 655
4750, 658
4750, 669
4750, 672
4750, 671
4750, 650
4750, 658
4750, 658
4750, 653
4750, 663
4750, 660
4750, 652
4750, 668
4750, 652
4750, 655
4750, 665
4750, 658
4750, 675
4750, 654
4750, 649
4750, 660
4750, 669
4750, 671
4750, 676
4750, 666
4750, 668
4750, 640
4750, 652
4750, 650
4750, 661
4750, 652
4750, 650
4750, 662
4750, 650
4750, 664
4750, 667
4750, 652
4750, 649
4750, 651
4750, 649
4750, 659
4750, 650
4750, 653
4750, 671
4750, 658
4750, 654
4750, 645
4750, 655
4750, 657
4750, 659
4750, 656
4750, 650
4750, 653
4750, 640
4750, 650
4750, 666
4750, 664
4750, 666
4750, 662
4750, 658
4750, 663
4750, 654
4750, 656
4750, 670
4750, 666
4750, 638
4750, 652
4750, 670
4750, 660
4750, 664
4750, 667
4750, 645
4750, 664
4750, 649
4750, 650
4750, 649
4750, 658
4750, 675
4750, 655
4750, 652
4750, 659
4750, 660
4750, 652
4750, 640
4750, 649
4750, 659
4750, 658
4750, 674
4750, 658
4750, 664
4750, 642
4750, 650
4750, 657
4750, 665
size,mean
5000, 664
5000, 652
5000, 654
5000, 673
5000, 659
5000, 648
5000, 658
5000, 649
5000, 649
5000, 657
5000, 653
5000, 645
5000, 658
5000, 660
5000, 657
5000, 662
5000, 650
5000, 662
5000, 657
5000, 662
5000, 668
5000, 650
5000, 661
5000, 657
5000, 659
5000, 649
5000, 651
5000, 658
5000, 665
5000, 649
5000, 659
5000, 648
5000, 657
5000, 655
5000, 653
5000, 662
5000, 665
5000, 653
5000, 655
5000, 647
5000, 649
5000, 657
5000, 659
5000, 652
5000, 660
5000, 645
5000, 660
5000, 652
5000, 666
5000, 659
5000, 639
5000, 653
5000, 654
5000, 645
5000, 650
5000, 658
5000, 659
5000, 665
5000, 674
5000, 655
5000, 662
5000, 653
5000, 649
5000, 674
5000, 663
5000, 660
5000, 651
5000, 662
5000, 667
5000, 673
5000, 667
5000, 671
5000, 672
5000, 677
5000, 662
5000, 661
5000, 658
5000, 649
5000, 659
5000, 661
5000, 660
5000, 663
5000, 657
5000, 661
5000, 647
5000, 656
5000, 659
5000, 673
5000, 662
5000, 650
5000, 648
5000, 651
5000, 661
5000, 650
5000, 666
5000, 649
5000, 664
5000, 649
5000, 645
5000, 664
5000, 674
5000, 650
5000, 668
5000, 627
5000, 649
5000, 658
5000, 654
5000, 654
5000, 657
5000, 658
5000, 660
5000, 666
5000, 658
5000, 664
5000, 652
5000, 660
5000, 652
5000, 660
5000, 646
5000, 652
5000, 661
5000, 660
5000, 672
5000, 677
5000, 659
5000, 674
5000, 648
5000, 659
5000, 657
5000, 661
5000, 660
5000, 669
5000, 650
5000, 647
5000, 659
5000, 655
5000, 651
5000, 633
5000, 659
5000, 651
5000, 651
5000, 663
5000, 661
5000, 664
5000, 646
5000, 648
5000, 654
5000, 649
5000, 648
5000, 656
5000, 680
5000, 665
5000, 650
5000, 654
5000, 660
5000, 665
5000, 660
5000, 655
5000, 666
5000, 662
5000, 667
5000, 663
5000, 671
5000, 660
5000, 659
5000, 656
5000, 670
5000, 661
5000, 657
5000, 659
5000, 647
5000, 671
5000, 656
5000, 667
5000, 662
5000, 648
5000, 659
5000, 665
5000, 665
5000, 642
5000, 660
5000, 662
5000, 662
5000, 651
5000, 656
5000, 657
5000, 669
5000, 667
5000, 655
5000, 668
5000, 649
5000, 656
5000, 655
5000, 646
5000, 662
5000, 656
5000, 651
5000, 644
5000, 660
5000, 647
5000, 643
5000, 659
5000, 663
5000, 658
5000, 655
5000, 649
5000, 652
5000, 663
5000, 665
5000, 661
5000, 653
5000, 651
5000, 648
5000, 649
5000, 655
5000, 652
5000, 672
5000, 666
5000, 668
5000, 657
5000, 655
5000, 651
5000, 663
5000, 655
5000, 658
5000, 663
5000, 656
5000, 654
5000, 664
5000, 680
5000, 657
5000, 653
5000, 656
5000, 654
5000, 661
5000, 666
5000, 661
5000, 654
5000, 663
5000, 646
5000, 668
5000, 669
5000, 653
5000, 651
5000, 669
5000, 665
5000, 659
5000, 644
5000, 651
5000, 672
size,mean
5250, 660
5250, 653
5250, 677
5250, 652
5250, 659
5250, 656
5250, 671
5250, 664
5250, 653
5250, 652
5250, 661
5250, 663
5250, 649
5250, 655
5250, 668
5250, 656
5250, 652
5250, 653
5250, 658
5250, 663
5250, 668
5250, 653
5250, 660
5250, 657
5250, 658
5250, 658
5250, 661
5250, 655
5250, 661
5250, 646
5250, 655
5250, 649
5250, 660
5250, 661
5250, 668
5250, 668
5250, 655
5250, 658
5250, 665
5250, 657
5250, 649
5250, 663
5250, 679
5250, 655
5250, 648
5250, 667
5250, 658
5250, 665
5250, 647
5250, 657
5250, 651
5250, 659
5250, 654
5250, 643
5250, 654
5250, 654
5250, 664
5250, 651
5250, 671
5250, 667
5250, 658
5250, 648
5250, 660
5250, 650
5250, 661
5250, 657
5250, 656
5250, 653
5250, 660
5250, 668
5250, 669
5250, 652
5250, 671
5250, 660
5250, 660
5250, 661
5250, 649
5250, 661
5250, 656
5250, 666
5250, 660
5250, 660
5250, 651
5250, 656
5250, 653
5250, 655
5250, 654
5250, 649
5250, 672
5250, 651
5250, 650
5250, 651
5250, 649
5250, 644
5250, 656
5250, 647
5250, 654
5250, 659
5250, 658
5250, 673
5250, 658
5250, 652
5250, 670
5250, 666
5250, 644
5250, 651
5250, 654
5250, 656
5250, 659
5250, 650
5250, 662
5250, 670
5250, 655
5250, 651
5250, 654
5250, 663
5250, 646
5250, 652
5250, 649
5250, 655
5250, 660
5250, 648
5250, 666
5250, 664
5250, 666
5250, 650
5250, 656
5250, 680
5250, 653
5250, 644
5250, 660
5250, 656
5250, 654
5250, 656
5250, 672
5250, 655
5250, 645
5250, 660
5250, 654
5250, 662
5250, 668
5250, 653
5250, 664
5250, 655
5250, 651
5250, 664
5250, 662
5250, 653
5250, 662
5250, 651
5250, 652
5250, 652
5250, 652
5250, 664
5250, 665
5250, 655
5250, 644
5250, 660
5250, 650
5250, 666
5250, 654
5250, 652
5250, 661
5250, 659
5250, 649
5250, 665
5250, 653
5250, 651
5250, 646
5250, 655
5250, 656
5250, 647
5250, 648
5250, 660
5250, 665
5250, 647
5250, 650
5250, 668
5250, 648
5250, 670
5250, 653
5250, 658
5250, 682
5250, 676
5250, 649
5250, 647
5250, 663
5250, 665
5250, 648
5250, 655
5250, 663
5250, 660
5250, 651
5250, 657
5250, 673
5250, 652
5250, 648
5250, 658
5250, 655
5250, 662
5250, 642
5250, 665
5250, 650
5250, 656
5250, 668
5250, 658
5250, 656
5250, 647
5250, 663
5250, 656
5250, 659
5250, 662
5250, 658
5250, 666
5250, 667
5250, 654
5250, 662
5250, 659
5250, 661
5250, 668
5250, 656
5250, 659
5250, 658
5250, 641
5250, 671
5250, 645
5250, 657
5250, 643
5250, 651
5250, 649
5250, 669
5250, 659
5250, 655
5250, 653
5250, 662
5250, 666
5250, 659
5250, 668
5250, 657
5250, 667
5250, 653
5250, 656
5250, 662
5250, 664
5250, 643
5250, 659
5250, 649
5250, 653
5250, 655
5250, 650
size,mean
5500, 655
5500, 648
5500, 656
5500, 665
5500, 652
5500, 663
5500, 664
5500, 637
5500, 657
5500, 660
5500, 656
5500, 662
5500, 665
5500, 671
5500, 650
5500, 665
5500, 668
5500, 668
5500, 669
5500, 657
5500, 653
5500, 650
5500, 642
5500, 671
5500, 667
5500, 638
5500, 647
5500, 664
5500, 663
5500, 662
5500, 660
5500, 668
5500, 662
5500, 659
5500, 661
5500, 645
5500, 658
5500, 667
5500, 666
5500, 671
5500, 659
5500, 671
5500, 659
5500, 657
5500, 666
5500, 652
5500, 646
5500, 648
5500, 655
5500, 657
5500, 639
5500, 650
5500, 652
5500, 654
5500, 658
5500, 660
5500, 650
5500, 655
5500, 658
5500, 645
5500, 663
5500, 644
5500, 656
5500, 651
5500, 664
5500, 657
5500, 654
5500, 666
5500, 674
5500, 661
5500, 660
5500, 658
5500, 661
5500, 652
5500, 662
5500, 646
5500, 657
5500, 661
5500, 652
5500, 664
5500, 657
5500, 660
5500, 652
5500, 658
5500, 662
5500, 653
5500, 662
5500, 655
5500, 665
5500, 660
5500, 663
5500, 660
5500, 663
5500, 669
5500, 655
5500, 654
5500, 658
5500, 669
5500, 643
5500, 657
5500, 660
5500, 660
5500, 666
5500, 668
5500, 652
5500, 654
5500, 663
5500, 659
5500, 664
5500, 649
5500, 660
5500, 656
5500, 668
5500, 667
5500, 667
5500, 671
5500, 667
5500, 671
5500, 672
5500, 670
5500, 647
5500, 658
5500, 662
5500, 652
5500, 640
5500, 654
5500, 656
5500, 648
5500, 660
5500, 670
5500, 648
5500, 669
5500, 653
5500, 647
5500, 662
5500, 669
5500, 658
5500, 661
5500, 652
5500, 656
5500, 663
5500, 655
5500, 659
5500, 657
5500, 668
5500, 653
5500, 643
5500, 647
5500, 658
5500, 658
5500, 659
5500, 652
5500, 665
5500, 657
5500, 654
5500, 649
5500, 657
5500, 660
5500, 659
5500, 658
5500, 659
5500, 665
5500, 657
5500, 666
5500, 658
5500, 667
5500, 652
5500, 652
5500, 659
5500, 651
5500, 653
5500, 643
5500, 637
5500, 658
5500, 664
5500, 655
5500, 668
5500, 656
5500, 653
5500, 646
5500, 650
5500, 669
5500, 668
5500, 662
5500, 657
5500, 663
5500, 650
5500, 660
5500, 657
5500, 657
5500, 657
5500, 660
5500, 657
5500, 649
5500, 651
5500, 667
5500, 660
5500, 659
5500, 660
5500, 654
5500, 644
5500, 643
5500, 668
5500, 651
5500, 662
5500, 649
5500, 647
5500, 654
5500, 657
5500, 661
5500, 649
5500, 662
5500, 660
5500, 646
5500, 654
5500, 653
5500, 664
5500, 663
5500, 667
5500, 652
5500, 653
5500, 653
5500, 653
5500, 654
5500, 656
5500, 665
5500, 667
5500, 662
5500, 658
5500, 649
5500, 662
5500, 663
5500, 666
5500, 665
5500, 662
5500, 654
5500, 654
5500, 664
5500, 658
5500, 682
5500, 660
5500, 653
5500, 661
5500, 661
5500, 654
5500, 671
5500, 670
5500, 644
5500, 668
5500, 648
size,mean
5750, 648
5750, 655
5750, 655
5750, 656
5750, 660
5750, 644
5750, 647
5750, 666
5750, 652
5750, 660
5750, 659
5750, 654
5750, 659
5750, 652
5750, 672
5750, 653
5750, 653
5750, 660
5750, 655
5750, 666
5750, 667
5750, 641
5750, 658
5750, 649
5750, 652
5750, 660
5750, 650
5750, 657
5750, 649
5750, 647
5750, 659
5750, 653
5750, 670
5750, 668
5750, 661
5750, 659
5750, 672
5750, 660
5750, 655
5750, 651
5750, 661
5750, 656
5750, 654
5750, 655
5750, 643
5750, 661
5750, 649
5750, 685
5750, 670
5750, 668
5750, 656
5750, 663
5750, 662
5750, 662
5750, 654
5750, 658
5750, 663
5750, 648
5750, 663
5750, 662
5750, 656
5750, 652
5750, 657
5750, 662
5750, 663
5750, 657
5750, 653
5750, 669
5750, 663
5750, 659
5750, 659
5750, 661
5750, 659
5750, 655
5750, 659
5750, 659
5750, 664
5750, 654
5750, 650
5750, 645
5750, 647
5750, 658
5750, 651
5750, 656
5750, 646
5750, 661
5750, 654
5750, 667
5750, 646
5750, 654
5750, 659
5750, 671
5750, 662
5750, 655
5750, 660
5750, 656
5750, 668
5750, 668
5750, 645
5750, 655
5750, 641
5750, 653
5750, 630
5750, 649
5750, 649
5750, 637
5750, 665
5750, 658
5750, 650
5750, 657
5750, 648
5750, 660
5750, 654
5750, 655
5750, 654
5750, 671
5750, 665
5750, 675
5750, 657
5750, 661
5750, 657
5750, 657
5750, 644
5750, 653
5750, 666
5750, 644
5750, 666
5750, 660
5750, 661
5750, 659
5750, 653
5750, 649
5750, 664
5750, 656
5750, 657
5750, 655
5750, 660
5750, 668
5750, 658
5750, 650
5750, 661
5750, 672
5750, 657
5750, 655
5750, 642
5750, 653
5750, 652
5750, 658
5750, 650
5750, 663
5750, 653
5750, 658
5750, 655
5750, 668
5750, 653
5750, 664
5750, 663
5750, 657
5750, 669
5750, 656
5750, 660
5750, 644
5750, 664
5750, 665
5750, 641
5750, 641
5750, 661
5750, 654
5750, 658
5750, 652
5750, 650
5750, 652
5750, 655
5750, 652
5750, 665
5750, 647
5750, 658
5750, 665
5750, 654
5750, 664
5750, 654
5750, 664
5750, 658
5750, 651
5750, 659
5750, 664
5750, 658
5750, 657
5750, 666
5750, 652
5750, 652
5750, 655
5750, 665
5750, 656
5750, 664
5750, 668
5750, 662
5750, 655
5750, 653
5750, 650
5750, 654
5750, 645
5750, 653
5750, 655
5750, 645
5750, 667
5750, 662
5750, 662
5750, 669
5750, 644
5750, 663
5750, 644
5750, 659
5750, 660
5750, 655
5750, 669
5750, 653
5750, 670
5750, 665
5750, 657
5750, 654
5750, 670
5750, 668
5750, 665
5750, 656
5750, 638
5750, 667
5750, 648
5750, 662
5750, 653
5750, 656
5750, 648
5750, 663
5750, 657
5750, 657
5750, 660
5750, 653
5750, 657
5750, 662
5750, 658
5750, 651
5750, 661
5750, 648
5750, 653
5750, 666
5750, 649
5750, 665
5750, 661
5750, 659
5750, 649
size,mean
6000, 657
6000, 657
6000, 653
6000, 673
6000, 663
6000, 664
6000, 662
6000, 659
6000, 674
6000, 651
6000, 671
6000, 660
6000, 651
6000, 655
6000, 669
6000, 643
6000, 646
6000, 659
6000, 656
6000, 669
6000, 667
6000, 650
6000, 664
6000, 662
6000, 654
6000, 657
6000, 645
6000, 655
6000, 659
6000, 662
6000, 673
6000, 653
6000, 657
6000, 665
6000, 651
6000, 666
6000, 657
6000, 662
6000, 657
6000, 650
6000, 661
6000, 649
6000, 659
6000, 648
6000, 651
6000, 651
6000, 647
6000, 664
6000, 658
6000, 651
6000, 656
6000, 644
6000, 662
6000, 645
6000, 649
6000, 660
6000, 658
6000, 660
6000, 655
6000, 659
6000, 664
6000, 649
6000, 661
6000, 652
6000, 662
6000, 657
6000, 652
6000, 652
6000, 654
6000, 658
6000, 646
6000, 648
6000, 667
6000, 661
6000, 663
6000, 661
6000, 655
6000, 655
6000, 669
6000, 654
6000, 660
6000, 645
6000, 658
6000, 664
6000, 648
6000, 664
6000, 651
6000, 654
6000, 666
6000, 658
6000, 656
6000, 658
6000, 657
6000, 665
6000, 671
6000, 658
6000, 651
6000, 646
6000, 660
6000, 650
6000, 663
6000, 652
6000, 651
6000, 662
6000, 662
6000, 654
6000, 656
6000, 665
6000, 660
6000, 660
6000, 662
6000, 652
6000, 656
6000, 653
6000, 652
6000, 643
6000, 652
6000, 663
6000, 667
6000, 659
6000, 651
6000, 659
6000, 652
6000, 665
6000, 644
6000, 644
6000, 658
6000, 660
6000, 656
6000, 662
6000, 656
6000, 658
6000, 648
6000, 675
6000, 648
6000, 658
6000, 664
6000, 658
6000, 661
6000, 650
6000, 662
6000, 659
6000, 654
6000, 672
6000, 678
6000, 651
6000, 659
6000, 671
6000, 659
6000, 664
6000, 655
6000, 651
6000, 651
6000, 668
6000, 666
6000, 661
6000, 646
6000, 651
6000, 663
6000, 662
6000, 657
6000, 663
6000, 659
6000, 659
6000, 656
6000, 663
6000, 650
6000, 654
6000, 642
6000, 658
6000, 648
6000, 664
6000, 661
6000, 660
6000, 656
6000, 654
6000, 667
6000, 651
6000, 640
6000, 649
6000, 654
6000, 646
6000, 658
6000, 667
6000, 668
6000, 661
6000, 656
6000, 640
6000, 659
6000, 651
6000, 661
6000, 666
6000, 635
6000, 656
6000, 654
6000, 661
6000, 656
6000, 676
6000, 657
6000, 654
6000, 646
6000, 662
6000, 654
6000, 653
6000, 670
6000, 655
6000, 660
6000, 657
6000, 652
6000, 664
6000, 661
6000, 667
6000, 662
6000, 651
6000, 656
6000, 666
6000, 674
6000, 652
6000, 654
6000, 659
6000, 661
6000, 659
6000, 656
6000, 664
6000, 656
6000, 658
6000, 645
6000, 671
6000, 655
6000, 654
6000, 654
6000, 653
6000, 657
6000, 661
6000, 653
6000, 658
6000, 659
6000, 657
6000, 652
6000, 641
6000, 643
6000, 654
6000, 664
6000, 662
6000, 652
6000, 657
6000, 665
6000, 668
6000, 654
6000, 656
size,mean
6250, 654
6250, 647
6250, 649
6250, 661
6250, 658
6250, 647
6250, 653
6250, 670
6250, 664
6250, 658
6250, 661
6250, 656
6250, 655
6250, 656
6250, 664
6250, 650
6250, 659
6250, 658
6250, 652
6250, 649
6250, 657
6250, 672
6250, 648
6250, 660
6250, 662
6250, 667
6250, 647
6250, 648
6250, 667
6250, 657
6250, 650
6250, 645
6250, 656
6250, 665
6250, 661
6250, 656
6250, 672
6250, 657
6250, 663
6250, 656
6250, 662
6250, 654
6250, 668
6250, 656
6250, 666
6250, 655
6250, 661
6250, 650
6250, 651
6250, 643
6250, 649
6250, 655
6250, 650
6250, 662
6250, 646
6250, 658
6250, 652
6250, 653
6250, 660
6250, 647
6250, 654
6250, 652
6250, 652
6250, 660
6250, 652
6250, 651
6250, 664
6250, 658
6250, 667
6250, 663
6250, 656
6250, 657
6250, 670
6250, 663
6250, 662
6250, 654
6250, 646
6250, 659
6250, 656
6250, 668
6250, 654
6250, 631
6250, 655
6250, 649
6250, 663
6250, 659
6250, 650
6250, 656
6250, 658
6250, 658
6250, 644
6250, 673
6250, 647
6250, 673
6250, 658
6250, 665
6250, 650
6250, 662
6250, 653
6250, 650
6250, 656
6250, 664
6250, 661
6250, 660
6250, 653
6250, 644
6250, 660
6250, 663
6250, 658
6250, 650
6250, 664
6250, 667
6250, 650
6250, 668
6250, 665
6250, 656
6250, 660
6250, 661
6250, 655
6250, 644
6250, 656
6250, 659
6250, 664
6250, 660
6250, 661
6250, 659
6250, 654
6250, 666
6250, 666
6250, 654
6250, 651
6250, 653
6250, 658
6250, 654
6250, 662
6250, 659
6250, 665
6250, 644
6250, 662
6250, 655
6250, 659
6250, 660
6250, 656
6250, 676
6250, 671
6250, 665
6250, 650
6250, 655
6250, 666
6250, 652
6250, 663
6250, 647
6250, 665
6250, 670
6250, 653
6250, 661
6250, 675
6250, 660
6250, 661
6250, 660
6250, 657
6250, 656
6250, 657
6250, 660
6250, 655
6250, 661
6250, 644
6250, 658
6250, 650
6250, 660
6250, 658
6250, 656
6250, 657
6250, 663
6250, 653
6250, 645
6250, 654
6250, 641
6250, 653
6250, 657
6250, 665
6250, 654
6250, 652
6250, 670
6250, 648
6250, 653
6250, 654
6250, 661
6250, 659
6250, 648
6250, 655
6250, 669
6250, 654
6250, 666
6250, 659
6250, 657
6250, 649
6250, 671
6250, 670
6250, 658
6250, 658
6250, 658
6250, 658
6250, 653
6250, 663
6250, 673
6250, 657
6250, 667
6250, 648
6250, 655
6250, 662
6250, 651
6250, 649
6250, 659
6250, 658
6250, 662
6250, 660
6250, 646
6250, 664
6250, 662
6250, 645
6250, 651
6250, 672
6250, 656
6250, 669
6250, 665
6250, 661
6250, 652
6250, 656
6250, 660
6250, 662
6250, 667
6250, 670
6250, 669
6250, 665
6250, 660
6250, 664
6250, 655
6250, 671
6250, 658
6250, 656
6250, 654
6250, 654
6250, 667
6250, 654
6250, 659
6250, 667
6250, 665
6250, 654
6250, 659
size,mean
6500, 650
6500, 663
6500, 653
6500, 645
6500, 648
6500, 659
6500, 655
6500, 650
6500, 662
6500, 658
6500, 657
6500, 655
6500, 661
6500, 665
6500, 651
6500, 670
6500, 668
6500, 654
6500, 657
6500, 653
6500, 660
6500, 650
6500, 668
6500, 657
6500, 661
6500, 663
6500, 653
6500, 658
6500, 653
6500, 672
6500, 653
6500, 664
6500, 664
6500, 650
6500, 656
6500, 652
6500, 656
6500, 656
6500, 659
6500, 656
6500, 654
6500, 661
6500, 653
6500, 661
6500, 673
6500, 654
6500, 663
6500, 661
6500, 668
6500, 662
6500, 656
6500, 656
6500, 666
6500, 653
6500, 666
6500, 657
6500, 665
6500, 656
6500, 663
6500, 657
6500, 674
6500, 653
6500, 659
6500, 659
6500, 661
6500, 652
6500, 651
6500, 652
6500, 654
6500, 654
6500, 666
6500, 657
6500, 646
6500, 648
6500, 667
6500, 672
6500, 668
6500, 659
6500, 647
6500, 663
6500, 659
6500, 657
6500, 667
6500, 651
6500, 647
6500, 656
6500, 651
6500, 640
6500, 650
6500, 669
6500, 652
6500, 656
6500, 647
6500, 669
6500, 651
6500, 664
6500, 664
6500, 661
6500, 661
6500, 649
6500, 660
6500, 646
6500, 662
6500, 659
6500, 651
6500, 662
6500, 655
6500, 653
6500, 658
6500, 654
6500, 661
6500, 654
6500, 657
6500, 658
6500, 668
6500, 661
6500, 658
6500, 669
6500, 658
6500, 656
6500, 680
6500, 632
6500, 663
6500, 663
6500, 654
6500, 650
6500, 664
6500, 651
6500, 656
6500, 659
6500, 658
6500, 653
6500, 667
6500, 659
6500, 657
6500, 666
6500, 664
6500, 663
6500, 654
6500, 648
6500, 658
6500, 660
6500, 656
6500, 659
6500, 652
6500, 678
6500, 648
6500, 647
6500, 661
6500, 657
6500, 668
6500, 652
6500, 651
6500, 649
6500, 642
6500, 657
6500, 654
6500, 650
6500, 657
6500, 654
6500, 662
6500, 649
6500, 674
6500, 648
6500, 656
6500, 653
6500, 658
6500, 652
6500, 656
6500, 664
6500, 658
6500, 646
6500, 651
6500, 668
6500, 653
6500, 659
6500, 651
6500, 649
6500, 649
6500, 670
6500, 653
6500, 655
6500, 654
6500, 657
6500, 650
6500, 651
6500, 651
6500, 647
6500, 651
6500, 660
6500, 676
6500, 656
6500, 647
6500, 653
6500, 666
6500, 661
6500, 652
6500, 656
6500, 652
6500, 657
6500, 667
6500, 651
6500, 661
6500, 658
6500, 649
6500, 659
6500, 653
6500, 650
6500, 669
6500, 664
6500, 643
6500, 657
6500, 656
6500, 658
6500, 652
6500, 660
6500, 656
6500, 668
6500, 658
6500, 658
6500, 669
6500, 646
6500, 658
6500, 663
6500, 654
6500, 656
6500, 655
6500, 664
6500, 666
6500, 664
6500, 658
6500, 654
6500, 663
6500, 653
6500, 657
6500, 653
6500, 656
6500, 646
6500, 651
6500, 651
6500, 664
6500, 662
6500, 654
6500, 651
6500, 642
6500, 658
6500, 649
6500, 660
6500, 643
6500, 663
size,mean
6750, 655
6750, 641
6750, 654
6750, 659
6750, 644
6750, 664
6750, 641
6750, 644
6750, 655
6750, 643
6750, 656
6750, 656
6750, 669
6750, 645
6750, 641
6750, 661
6750, 659
6750, 663
6750, 649
6750, 653
6750, 669
6750, 651
6750, 656
6750, 652
6750, 653
6750, 655
6750, 654
6750, 650
6750, 666
6750, 651
6750, 660
6750, 656
6750, 663
6750, 667
6750, 659
6750, 654
6750, 648
6750, 657
6750, 652
6750, 656
6750, 658
6750, 661
6750, 666
6750, 650
6750, 657
6750, 663
6750, 670
6750, 659
6750, 665
6750, 643
6750, 651
6750, 651
6750, 646
6750, 661
6750, 651
6750, 644
6750, 660
6750, 663
6750, 662
6750, 658
6750, 659
6750, 656
6750, 651
6750, 652
6750, 667
6750, 655
6750, 664
6750, 653
6750, 650
6750, 662
6750, 671
6750, 652
6750, 661
6750, 652
6750, 675
6750, 650
6750, 668
6750, 648
6750, 660
6750, 663
6750, 651
6750, 655
6750, 665
6750, 657
6750, 647
6750, 654
6750, 648
6750, 657
6750, 654
6750, 654
6750, 657
6750, 662
6750, 665
6750, 652
6750, 659
6750, 651
6750, 647
6750, 655
6750, 650
6750, 657
6750, 656
6750, 651
6750, 658
6750, 667
6750, 662
6750, 657
6750, 654
6750, 650
6750, 662
6750, 660
6750, 647
6750, 655
6750, 649
6750, 668
6750, 664
6750, 662
6750, 646
6750, 644
6750, 646
6750, 650
6750, 653
6750, 653
6750, 675
6750, 659
6750, 660
6750, 637
6750, 655
6750, 660
6750, 672
6750, 652
6750, 652
6750, 660
6750, 653
6750, 665
6750, 660
6750, 670
6750, 655
6750, 664
6750, 657
6750, 661
6750, 651
6750, 652
6750, 656
6750, 662
6750, 652
6750, 657
6750, 646
6750, 660
6750, 653
6750, 656
6750, 664
6750, 667
6750, 642
6750, 654
6750, 658
6750, 665
6750, 650
6750, 670
6750, 674
6750, 661
6750, 653
6750, 650
6750, 655
6750, 664
6750, 659
6750, 663
6750, 666
6750, 663
6750, 664
6750, 639
6750, 654
6750, 644
6750, 663
6750, 664
6750, 662
6750, 661
6750, 663
6750, 671
6750, 663
6750, 648
6750, 664
6750, 658
6750, 658
6750, 656
6750, 656
6750, 664
6750, 655
6750, 658
6750, 665
6750, 653
6750, 657
6750, 657
6750, 655
6750, 650
6750, 669
6750, 658
6750, 663
6750, 664
6750, 661
6750, 663
6750, 654
6750, 673
6750, 641
6750, 650
6750, 654
6750, 660
6750, 666
6750, 659
6750, 668
6750, 662
6750, 659
6750, 666
6750, 660
6750, 661
6750, 648
6750, 657
6750, 655
6750, 655
6750, 656
6750, 655
6750, 655
6750, 662
6750, 653
6750, 662
6750, 656
6750, 661
6750, 653
6750, 649
6750, 655
6750, 675
6750, 659
6750, 659
6750, 657
6750, 654
6750, 663
6750, 652
6750, 651
6750, 661
6750, 656
6750, 653
6750, 661
6750, 663
6750, 658
6750, 667
6750, 655
6750, 653
6750, 648
6750, 650
6750, 643
6750, 661
size,mean
7000, 652
7000, 660
7000, 653
7000, 658
7000, 656
7000, 658
7000, 661
7000, 660
7000, 672
7000, 670
7000, 664
7000, 654
7000, 665
7000, 653
7000, 664
7000, 661
7000, 653
7000, 668
7000, 663
7000, 653
7000, 662
7000, 649
7000, 656
7000, 650
7000, 662
7000, 658
7000, 664
7000, 656
7000, 659
7000, 655
7000, 660
7000, 661
7000, 655
7000, 658
7000, 667
7000, 664
7000, 656
7000, 662
7000, 660
7000, 659
7000, 657
7000, 658
7000, 655
7000, 645
7000, 660
7000, 670
7000, 656
7000, 660
7000, 664
7000, 654
7000, 663
7000, 662
7000, 650
7000, 646
7000, 665
7000, 659
7000, 664
7000, 664
7000, 657
7000, 654
7000, 650
7000, 660
7000, 657
7000, 653
7000, 657
7000, 662
7000, 665
7000, 652
7000, 648
7000, 662
7000, 667
7000, 661
7000, 668
7000, 655
7000, 664
7000, 657
7000, 658
7000, 665
7000, 653
7000, 658
7000, 660
7000, 645
7000, 657
7000, 656
7000, 657
7000, 660
7000, 653
7000, 648
7000, 657
7000, 669
7000, 663
7000, 665
7000, 653
7000, 658
7000, 671
7000, 670
7000, 649
7000, 654
7000, 653
7000, 657
7000, 659
7000, 663
7000, 651
7000, 665
7000, 662
7000, 646
7000, 652
7000, 662
7000, 645
7000, 663
7000, 654
7000, 655
7000, 655
7000, 657
7000, 662
7000, 656
7000, 657
7000, 652
7000, 658
7000, 661
7000, 664
7000, 653
7000, 672
7000, 658
7000, 646
7000, 656
7000, 656
7000, 650
7000, 655
7000, 659
7000, 649
7000, 645
7000, 656
7000, 661
7000, 660
7000, 662
7000, 662
7000, 656
7000, 655
7000, 661
7000, 655
7000, 656
7000, 658
7000, 652
7000, 655
7000, 661
7000, 649
7000, 649
7000, 666
7000, 653
7000, 647
7000, 657
7000, 669
7000, 662
7000, 658
7000, 656
7000, 660
7000, 651
7000, 647
7000, 656
7000, 657
7000, 665
7000, 652
7000, 653
7000, 661
7000, 649
7000, 660
7000, 658
7000, 664
7000, 654
7000, 648
7000, 653
7000, 671
7000, 665
7000, 650
7000, 663
7000, 654
7000, 654
7000, 659
7000, 661
7000, 669
7000, 658
7000, 657
7000, 645
7000, 653
7000, 661
7000, 655
7000, 654
7000, 663
7000, 659
7000, 666
7000, 660
7000, 663
7000, 652
7000, 665
7000, 669
7000, 653
7000, 654
7000, 665
7000, 655
7000, 649
7000, 657
7000, 658
7000, 651
7000, 665
7000, 661
7000, 666
7000, 651
7000, 659
7000, 645
7000, 665
7000, 658
7000, 653
7000, 659
7000, 661
7000, 653
7000, 663
7000, 658
7000, 663
7000, 660
7000, 656
7000, 659
7000, 652
7000, 659
7000, 663
7000, 655
7000, 667
7000, 652
7000, 651
7000, 669
7000, 654
7000, 666
7000, 642
7000, 651
7000, 650
7000, 657
7000, 667
7000, 660
7000, 671
7000, 653
7000, 653
7000, 650
7000, 644
7000, 655
7000, 659
7000, 655
7000, 665
7000, 655
7000, 656
7000, 669
size,mean
7250, 655
7250, 656
7250, 649
7250, 648
7250, 661
7250, 658
7250, 670
7250, 657
7250, 657
7250, 661
7250, 655
7250, 644
7250, 666
7250, 657
7250, 655
7250, 665
7250, 674
7250, 662
7250, 662
7250, 662
7250, 661
7250, 649
7250, 662
7250, 658
7250, 653
7250, 666
7250, 655
7250, 646
7250, 649
7250, 653
7250, 644
7250, 664
7250, 657
7250, 662
7250, 670
7250, 668
7250, 662
7250, 663
7250, 651
7250, 657
7250, 669
7250, 661
7250, 656
7250, 660
7250, 659
7250, 662
7250, 655
7250, 656
7250, 653
7250, 654
7250, 648
7250, 656
7250, 664
7250, 655
7250, 653
7250, 659
7250, 668
7250, 670
7250, 652
7250, 657
7250, 653
7250, 655
7250, 666
7250, 658
7250, 651
7250, 663
7250, 674
7250, 652
7250, 654
7250, 657
7250, 672
7250, 659
7250, 659
7250, 661
7250, 650
7250, 657
7250, 665
7250, 654
7250, 657
7250, 650
7250, 657
7250, 658
7250, 662
7250, 658
7250, 646
7250, 655
7250, 644
7250, 646
7250, 648
7250, 654
7250, 659
7250, 654
7250, 661
7250, 661
7250, 666
7250, 658
7250, 659
7250, 656
7250, 657
7250, 653
7250, 655
7250, 663
7250, 659
7250, 660
7250, 650
7250, 650
7250, 657
7250, 647
7250, 651
7250, 657
7250, 661
7250, 647
7250, 664
7250, 668
7250, 658
7250, 652
7250, 664
7250, 652
7250, 662
7250, 664
7250, 666
7250, 655
7250, 668
7250, 671
7250, 660
7250, 648
7250, 660
7250, 662
7250, 655
7250, 673
7250, 659
7250, 662
7250, 651
7250, 657
7250, 665
7250, 655
7250, 656
7250, 644
7250, 660
7250, 651
7250, 658
7250, 653
7250, 656
7250, 644
7250, 659
7250, 670
7250, 649
7250, 654
7250, 665
7250, 653
7250, 657
7250, 647
7250, 661
7250, 655
7250, 656
7250, 665
7250, 667
7250, 659
7250, 655
7250, 647
7250, 647
7250, 662
7250, 661
7250, 670
7250, 649
7250, 658
7250, 662
7250, 657
7250, 656
7250, 660
7250, 662
7250, 664
7250, 657
7250, 667
7250, 656
7250, 647
7250, 668
7250, 660
7250, 663
7250, 656
7250, 661
7250, 654
7250, 653
7250, 656
7250, 658
7250, 663
7250, 655
7250, 659
7250, 647
7250, 667
7250, 662
7250, 660
7250, 649
7250, 652
7250, 660
7250, 659
7250, 668
7250, 661
7250, 646
7250, 663
7250, 663
7250, 655
7250, 663
7250, 666
7250, 650
7250, 658
7250, 653
7250, 645
7250, 660
7250, 646
7250, 647
7250, 662
7250, 659
7250, 657
7250, 660
7250, 665
7250, 665
7250, 658
7250, 659
7250, 654
7250, 658
7250, 657
7250, 655
7250, 667
7250, 653
7250, 655
7250, 661
7250, 650
7250, 665
7250, 655
7250, 666
7250, 649
7250, 656
7250, 656
7250, 663
7250, 663
7250, 654
7250, 653
7250, 664
7250, 667
7250, 647
7250, 655
7250, 657
7250, 654
7250, 655
7250, 659
7250, 665
7250, 648
7250, 658
7250, 670
size,mean
7500, 666
7500, 667
7500, 657
7500, 654
7500, 653
7500, 656
7500, 659
7500, 656
7500, 665
7500, 668
7500, 663
7500, 664
7500, 660
7500, 648
7500, 667
7500, 655
7500, 667
7500, 654
7500, 664
7500, 652
7500, 661
7500, 660
7500, 649
7500, 654
7500, 646
7500, 653
7500, 657
7500, 651
7500, 650
7500, 663
7500, 642
7500, 655
7500, 654
7500, 653
7500, 655
7500, 657
7500, 657
7500, 650
7500, 661
7500, 653
7500, 660
7500, 656
7500, 658
7500, 652
7500, 667
7500, 661
7500, 660
7500, 657
7500, 654
7500, 672
7500, 664
7500, 656
7500, 661
7500, 659
7500, 656
7500, 666
7500, 667
7500, 643
7500, 667
7500, 666
7500, 646
7500, 658
7500, 646
7500, 659
7500, 662
7500, 657
7500, 651
7500, 659
7500, 654
7500, 662
7500, 654
7500, 655
7500, 654
7500, 660
7500, 667
7500, 666
7500, 659
7500, 664
7500, 664
7500, 662
7500, 659
7500, 661
7500, 662
7500, 650
7500, 653
7500, 653
7500, 651
7500, 652
7500, 647
7500, 659
7500, 665
7500, 664
7500, 656
7500, 652
7500, 648
7500, 660
7500, 653
7500, 659
7500, 655
7500, 659
7500, 666
7500, 662
7500, 672
7500, 666
7500, 657
7500, 667
7500, 659
7500, 655
7500, 657
7500, 652
7500, 658
7500, 653
7500, 661
7500, 652
7500, 655
7500, 654
7500, 658
7500, 660
7500, 661
7500, 658
7500, 649
7500, 656
7500, 654
7500, 657
7500, 657
7500, 651
7500, 661
7500, 648
7500, 673
7500, 647
7500, 663
7500, 649
7500, 654
7500, 660
7500, 670
7500, 651
7500, 658
7500, 664
7500, 659
7500, 651
7500, 655
7500, 654
7500, 674
7500, 658
7500, 653
7500, 648
7500, 656
7500, 646
7500, 660
7500, 652
7500, 663
7500, 654
7500, 656
7500, 650
7500, 649
7500, 659
7500, 654
7500, 653
7500, 655
7500, 661
7500, 648
7500, 655
7500, 663
7500, 671
7500, 667
7500, 652
7500, 667
7500, 665
7500, 657
7500, 656
7500, 647
7500, 666
7500, 651
7500, 652
7500, 661
7500, 659
7500, 662
7500, 650
7500, 658
7500, 653
7500, 661
7500, 656
7500, 660
7500, 661
7500, 650
7500, 655
7500, 649
7500, 657
7500, 661
7500, 659
7500, 659
7500, 656
7500, 655
7500, 659
7500, 655
7500, 662
7500, 664
7500, 657
7500, 657
7500, 658
7500, 654
7500, 658
7500, 655
7500, 648
7500, 661
7500, 654
7500, 656
7500, 656
7500, 655
7500, 660
7500, 657
7500, 655
7500, 669
7500, 652
7500, 653
7500, 662
7500, 650
7500, 665
7500, 664
7500, 664
7500, 661
7500, 660
7500, 654
7500, 655
7500, 641
7500, 665
7500, 663
7500, 665
7500, 658
7500, 656
7500, 648
7500, 651
7500, 655
7500, 661
7500, 668
7500, 649
7500, 657
7500, 655
7500, 657
7500, 659
7500, 653
7500, 657
7500, 662
7500, 656
7500, 648
7500, 658
7500, 651
7500, 655
7500, 656
7500, 657
size,mean
7750, 657
7750, 648
7750, 647
7750, 660
7750, 654
7750, 669
7750, 660
7750, 660
7750, 668
7750, 661
7750, 654
7750, 649
7750, 661
7750, 661
7750, 654
7750, 666
7750, 662
7750, 661
7750, 653
7750, 642
7750, 658
7750, 661
7750, 655
7750, 657
7750, 655
7750, 661
7750, 667
7750, 665
7750, 663
7750, 672
7750, 665
7750, 648
7750, 655
7750, 666
7750, 657
7750, 660
7750, 658
7750, 657
7750, 663
7750, 659
7750, 666
7750, 662
7750, 656
7750, 664
7750, 650
7750, 654
7750, 656
7750, 651
7750, 661
7750, 658
7750, 651
7750, 654
7750, 650
7750, 658
7750, 662
7750, 655
7750, 652
7750, 655
7750, 658
7750, 653
7750, 660
7750, 648
7750, 664
7750, 659
7750, 661
7750, 656
7750, 654
7750, 660
7750, 658
7750, 655
7750, 671
7750, 651
7750, 661
7750, 662
7750, 659
7750, 653
7750, 667
7750, 665
7750, 660
7750, 653
7750, 671
7750, 657
7750, 647
7750, 657
7750, 661
7750, 652
7750, 651
7750, 661
7750, 646
7750, 652
7750, 648
7750, 666
7750, 647
7750, 648
7750, 660
7750, 658
7750, 639
7750, 664
7750, 656
7750, 656
7750, 652
7750, 665
7750, 658
7750, 660
7750, 666
7750, 664
7750, 654
7750, 639
7750, 649
7750, 660
7750, 660
7750, 652
7750, 652
7750, 660
7750, 663
7750, 657
7750, 665
7750, 659
7750, 661
7750, 673
7750, 665
7750, 661
7750, 670
7750, 653
7750, 655
7750, 658
7750, 654
7750, 666
7750, 660
7750, 641
7750, 659
7750, 663
7750, 648
7750, 658
7750, 658
7750, 662
7750, 644
7750, 656
7750, 656
7750, 664
7750, 651
7750, 676
7750, 654
7750, 651
7750, 658
7750, 652
7750, 654
7750, 665
7750, 656
7750, 660
7750, 661
7750, 650
7750, 660
7750, 667
7750, 661
7750, 651
7750, 652
7750, 663
7750, 657
7750, 664
7750, 665
7750, 661
7750, 655
7750, 655
7750, 654
7750, 665
7750, 649
7750, 670
7750, 660
7750, 654
7750, 661
7750, 657
7750, 667
7750, 668
7750, 654
7750, 676
7750, 655
7750, 645
7750, 663
7750, 665
7750, 648
7750, 658
7750, 650
7750, 656
7750, 649
7750, 651
7750, 662
7750, 660
7750, 652
7750, 663
7750, 652
7750, 650
7750, 661
7750, 656
7750, 655
7750, 663
7750, 652
7750, 650
7750, 652
7750, 685
7750, 650
7750, 654
7750, 653
7750, 657
7750, 643
7750, 656
7750, 666
7750, 646
7750, 650
7750, 658
7750, 659
7750, 651
7750, 649
7750, 658
7750, 661
7750, 656
7750, 654
7750, 653
7750, 647
7750, 657
7750, 650
7750, 656
7750, 657
7750, 654
7750, 659
7750, 667
7750, 665
7750, 656
7750, 655
7750, 651
7750, 656
7750, 660
7750, 646
7750, 660
7750, 656
7750, 654
7750, 652
7750, 658
7750, 660
7750, 661
7750, 650
7750, 677
7750, 658
7750, 650
7750, 664
7750, 651
7750, 648
7750, 657
7750, 662
7750, 653
size,mean
8000, 657
8000, 658
8000, 658
8000, 657
8000, 658
8000, 662
8000, 647
8000, 656
8000, 654
8000, 649
8000, 661
8000, 648
8000, 655
8000, 655
8000, 657
8000, 655
8000, 658
8000, 654
8000, 655
8000, 661
8000, 662
8000, 653
8000, 650
8000, 659
8000, 666
8000, 657
8000, 666
8000, 653
8000, 676
8000, 655
8000, 653
8000, 650
8000, 661
8000, 663
8000, 670
8000, 664
8000, 652
8000, 663
8000, 657
8000, 665
8000, 655
8000, 654
8000, 661
8000, 661
8000, 648
8000, 655
8000, 664
8000, 661
8000, 662
8000, 668
8000, 668
8000, 661
8000, 666
8000, 655
8000, 653
8000, 652
8000, 653
8000, 662
8000, 669
8000, 672
8000, 659
8000, 652
8000, 653
8000, 653
8000, 660
8000, 668
8000, 651
8000, 651
8000, 658
8000, 653
8000, 658
8000, 661
8000, 655
8000, 668
8000, 654
8000, 668
8000, 645
8000, 663
8000, 656
8000, 661
8000, 656
8000, 657
8000, 650
8000, 677
8000, 663
8000, 656
8000, 667
8000, 664
8000, 663
8000, 653
8000, 661
8000, 656
8000, 669
8000, 660
8000, 657
8000, 651
8000, 660
8000, 661
8000, 643
8000, 658
8000, 667
8000, 662
8000, 643
8000, 652
8000, 657
8000, 650
8000, 654
8000, 657
8000, 659
8000, 663
8000, 656
8000, 652
8000, 652
8000, 667
8000, 663
8000, 660
8000, 662
8000, 652
8000, 657
8000, 657
8000, 659
8000, 653
8000, 655
8000, 659
8000, 657
8000, 661
8000, 653
8000, 660
8000, 660
8000, 654
8000, 650
8000, 658
8000, 650
8000, 659
8000, 659
8000, 654
8000, 659
8000, 652
8000, 662
8000, 659
8000, 645
8000, 654
8000, 655
8000, 658
8000, 655
8000, 656
8000, 645
8000, 656
8000, 674
8000, 648
8000, 658
8000, 658
8000, 664
8000, 659
8000, 654
8000, 658
8000, 652
8000, 657
8000, 655
8000, 651
8000, 640
8000, 666
8000, 647
8000, 658
8000, 658
8000, 659
8000, 656
8000, 663
8000, 676
8000, 654
8000, 658
8000, 660
8000, 653
8000, 656
8000, 646
8000, 658
8000, 664
8000, 667
8000, 649
8000, 665
8000, 655
8000, 658
8000, 651
8000, 652
8000, 659
8000, 643
8000, 654
8000, 655
8000, 645
8000, 665
8000, 654
8000, 642
8000, 667
8000, 662
8000, 667
8000, 656
8000, 663
8000, 668
8000, 662
8000, 660
8000, 657
8000, 656
8000, 659
8000, 658
8000, 652
8000, 653
8000, 666
8000, 654
8000, 666
8000, 650
8000, 653
8000, 663
8000, 660
8000, 651
8000, 657
8000, 649
8000, 657
8000, 666
8000, 657
8000, 663
8000, 661
8000, 655
8000, 664
8000, 652
8000, 668
8000, 664
8000, 669
8000, 664
8000, 671
8000, 662
8000, 653
8000, 664
8000, 655
8000, 653
8000, 649
8000, 651
8000, 657
8000, 659
8000, 664
8000, 664
8000, 650
8000, 652
8000, 657
8000, 654
8000, 648
8000, 666
8000, 670
8000, 662
8000, 659
8000, 659
size,mean
8250, 659
8250, 649
8250, 667
8250, 644
8250, 659
8250, 660
8250, 649
8250, 659
8250, 658
8250, 664
8250, 662
8250, 659
8250, 658
8250, 648
8250, 651
8250, 665
8250, 651
8250, 656
8250, 661
8250, 651
8250, 659
8250, 659
8250, 658
8250, 655
8250, 650
8250, 658
8250, 648
8250, 657
8250, 660
8250, 660
8250, 661
8250, 660
8250, 648
8250, 654
8250, 658
8250, 649
8250, 653
8250, 652
8250, 648
8250, 658
8250, 666
8250, 657
8250, 662
8250, 668
8250, 660
8250, 666
8250, 662
8250, 648
8250, 650
8250, 665
8250, 657
8250, 662
8250, 664
8250, 654
8250, 665
8250, 659
8250, 664
8250, 662
8250, 671
8250, 648
8250, 655
8250, 661
8250, 661
8250, 652
8250, 665
8250, 657
8250, 662
8250, 668
8250, 668
8250, 666
8250, 658
8250, 660
8250, 665
8250, 659
8250, 649
8250, 654
8250, 652
8250, 639
8250, 658
8250, 660
8250, 664
8250, 663
8250, 664
8250, 650
8250, 663
8250, 656
8250, 655
8250, 661
8250, 668
8250, 673
8250, 666
8250, 661
8250, 658
8250, 661
8250, 661
8250, 656
8250, 665
8250, 656
8250, 651
8250, 653
8250, 662
8250, 664
8250, 652
8250, 651
8250, 655
8250, 656
8250, 653
8250, 650
8250, 654
8250, 653
8250, 667
8250, 661
8250, 653
8250, 658
8250, 669
8250, 650
8250, 666
8250, 670
8250, 668
8250, 652
8250, 652
8250, 653
8250, 653
8250, 653
8250, 661
8250, 665
8250, 654
8250, 660
8250, 656
8250, 658
8250, 649
8250, 663
8250, 666
8250, 652
8250, 660
8250, 645
8250, 648
8250, 670
8250, 654
8250, 656
8250, 673
8250, 666
8250, 652
8250, 658
8250, 658
8250, 650
8250, 661
8250, 666
8250, 666
8250, 665
8250, 650
8250, 663
8250, 654
8250, 659
8250, 658
8250, 661
8250, 659
8250, 646
8250, 659
8250, 652
8250, 662
8250, 668
8250, 649
8250, 659
8250, 657
8250, 663
8250, 655
8250, 660
8250, 663
8250, 645
8250, 668
8250, 653
8250, 655
8250, 656
8250, 664
8250, 657
8250, 658
8250, 659
8250, 651
8250, 661
8250, 653
8250, 648
8250, 657
8250, 661
8250, 649
8250, 656
8250, 658
8250, 657
8250, 659
8250, 649
8250, 644
8250, 660
8250, 655
8250, 659
8250, 662
8250, 659
8250, 662
8250, 657
8250, 664
8250, 669
8250, 656
8250, 652
8250, 655
8250, 658
8250, 658
8250, 664
8250, 659
8250, 650
8250, 659
8250, 652
8250, 663
8250, 663
8250, 651
8250, 663
8250, 662
8250, 660
8250, 674
8250, 664
8250, 656
8250, 663
8250, 647
8250, 662
8250, 654
8250, 662
8250, 650
8250, 678
8250, 669
8250, 654
8250, 657
8250, 652
8250, 657
8250, 662
8250, 658
8250, 660
8250, 660
8250, 656
8250, 656
8250, 651
8250, 666
8250, 657
8250, 664
8250, 665
8250, 656
8250, 656
8250, 670
8250, 654
8250, 650
8250, 649
8250, 651
8250, 660
size,mean
8500, 661
8500, 659
8500, 652
8500, 651
8500, 659
8500, 650
8500, 659
8500, 645
8500, 651
8500, 664
8500, 664
8500, 661
8500, 647
8500, 670
8500, 664
8500, 651
8500, 657
8500, 657
8500, 671
8500, 666
8500, 666
8500, 651
8500, 658
8500, 652
8500, 653
8500, 656
8500, 675
8500, 670
8500, 666
8500, 646
8500, 658
8500, 653
8500, 643
8500, 658
8500, 667
8500, 652
8500, 650
8500, 653
8500, 666
8500, 670
8500, 660
8500, 670
8500, 649
8500, 652
8500, 656
8500, 656
8500, 662
8500, 648
8500, 658
8500, 659
8500, 659
8500, 658
8500, 663
8500, 654
8500, 657
8500, 661
8500, 653
8500, 648
8500, 652
8500, 660
8500, 646
8500, 665
8500, 663
8500, 656
8500, 653
8500, 653
8500, 658
8500, 671
8500, 656
8500, 658
8500, 654
8500, 652
8500, 660
8500, 665
8500, 666
8500, 675
8500, 654
8500, 650
8500, 659
8500, 649
8500, 649
8500, 653
8500, 653
8500, 657
8500, 665
8500, 655
8500, 647
8500, 659
8500, 651
8500, 647
8500, 653
8500, 659
8500, 661
8500, 655
8500, 654
8500, 648
8500, 653
8500, 655
8500, 662
8500, 660
8500, 654
8500, 657
8500, 672
8500, 658
8500, 660
8500, 652
8500, 645
8500, 652
8500, 657
8500, 655
8500, 673
8500, 658
8500, 649
8500, 649
8500, 658
8500, 661
8500, 657
8500, 662
8500, 655
8500, 661
8500, 658
8500, 657
8500, 656
8500, 655
8500, 654
8500, 664
8500, 655
8500, 653
8500, 652
8500, 658
8500, 667
8500, 661
8500, 649
8500, 655
8500, 653
8500, 653
8500, 660
8500, 651
8500, 659
8500, 655
8500, 658
8500, 664
8500, 656
8500, 656
8500, 650
8500, 667
8500, 662
8500, 666
8500, 647
8500, 653
8500, 667
8500, 668
8500, 661
8500, 663
8500, 645
8500, 654
8500, 653
8500, 645
8500, 657
8500, 657
8500, 649
8500, 649
8500, 650
8500, 654
8500, 654
8500, 658
8500, 655
8500, 660
8500, 660
8500, 664
8500, 672
8500, 660
8500, 658
8500, 656
8500, 661
8500, 667
8500, 659
8500, 646
8500, 651
8500, 660
8500, 654
8500, 650
8500, 653
8500, 659
8500, 665
8500, 666
8500, 666
8500, 658
8500, 669
8500, 648
8500, 660
8500, 662
8500, 665
8500, 660
8500, 655
8500, 662
8500, 660
8500, 656
8500, 666
8500, 658
8500, 662
8500, 657
8500, 662
8500, 674
8500, 661
8500, 661
8500, 666
8500, 655
8500, 644
8500, 647
8500, 662
8500, 660
8500, 654
8500, 655
8500, 661
8500, 659
8500, 656
8500, 659
8500, 654
8500, 652
8500, 659
8500, 660
8500, 665
8500, 653
8500, 670
8500, 668
8500, 674
8500, 662
8500, 672
8500, 657
8500, 662
8500, 660
8500, 666
8500, 660
8500, 662
8500, 655
8500, 665
8500, 662
8500, 654
8500, 644
8500, 664
8500, 652
8500, 660
8500, 649
8500, 665
8500, 662
8500, 649
8500, 670
8500, 649
8500, 661
size,mean
8750, 660
8750, 655
8750, 658
8750, 665
8750, 665
8750, 665
8750, 654
8750, 666
8750, 649
8750, 655
8750, 661
8750, 657
8750, 663
8750, 658
8750, 664
8750, 655
8750, 656
8750, 668
8750, 668
8750, 660
8750, 649
8750, 658
8750, 657
8750, 667
8750, 656
8750, 645
8750, 649
8750, 654
8750, 650
8750, 666
8750, 659
8750, 658
8750, 659
8750, 654
8750, 647
8750, 663
8750, 667
8750, 652
8750, 649
8750, 651
8750, 657
8750, 660
8750, 664
8750, 660
8750, 656
8750, 654
8750, 654
8750, 652
8750, 665
8750, 660
8750, 657
8750, 663
8750, 649
8750, 662
8750, 654
8750, 657
8750, 648
8750, 657
8750, 660
8750, 661
8750, 664
8750, 658
8750, 658
8750, 652
8750, 655
8750, 656
8750, 672
8750, 659
8750, 664
8750, 660
8750, 657
8750, 664
8750, 655
8750, 645
8750, 663
8750, 661
8750, 649
8750, 653
8750, 658
8750, 659
8750, 658
8750, 667
8750, 656
8750, 663
8750, 662
8750, 660
8750, 664
8750, 651
8750, 663
8750, 653
8750, 660
8750, 656
8750, 654
8750, 656
8750, 667
8750, 664
8750, 656
8750, 665
8750, 667
8750, 648
8750, 655
8750, 666
8750, 654
8750, 650
8750, 651
8750, 649
8750, 658
8750, 661
8750, 659
8750, 656
8750, 648
8750, 644
8750, 650
8750, 657
8750, 662
8750, 653
8750, 653
8750, 646
8750, 659
8750, 666
8750, 661
8750, 653
8750, 657
8750, 659
8750, 652
8750, 660
8750, 656
8750, 656
8750, 654
8750, 664
8750, 660
8750, 649
8750, 660
8750, 658
8750, 673
8750, 653
8750, 635
8750, 661
8750, 660
8750, 662
8750, 655
8750, 656
8750, 652
8750, 653
8750, 661
8750, 653
8750, 652
8750, 653
8750, 654
8750, 662
8750, 651
8750, 660
8750, 662
8750, 652
8750, 662
8750, 655
8750, 647
8750, 660
8750, 654
8750, 661
8750, 665
8750, 658
8750, 661
8750, 653
8750, 659
8750, 664
8750, 672
8750, 649
8750, 655
8750, 659
8750, 655
8750, 662
8750, 651
8750, 655
8750, 669
8750, 661
8750, 657
8750, 664
8750, 658
8750, 657
8750, 652
8750, 660
8750, 655
8750, 671
8750, 651
8750, 664
8750, 657
8750, 655
8750, 660
8750, 652
8750, 650
8750, 657
8750, 655
8750, 650
8750, 647
8750, 652
8750, 662
8750, 658
8750, 654
8750, 663
8750, 664
8750, 660
8750, 661
8750, 658
8750, 663
8750, 662
8750, 655
8750, 650
8750, 659
8750, 656
8750, 659
8750, 643
8750, 661
8750, 658
8750, 654
8750, 650
8750, 657
8750, 656
8750, 665
8750, 646
8750, 669
8750, 660
8750, 660
8750, 647
8750, 663
8750, 659
8750, 658
8750, 663
8750, 660
8750, 665
8750, 667
8750, 661
8750, 656
8750, 662
8750, 665
8750, 666
8750, 651
8750, 652
8750, 658
8750, 659
8750, 659
8750, 666
8750, 650
8750, 654
8750, 663
8750, 655
8750, 667
8750, 662
8750, 661
8750, 657
size,mean
9000, 663
9000, 659
9000, 650
9000, 657
9000, 657
9000, 649
9000, 661
9000, 660
9000, 657
9000, 650
9000, 663
9000, 651
9000, 654
9000, 662
9000, 647
9000, 658
9000, 662
9000, 668
9000, 662
9000, 664
9000, 662
9000, 658
9000, 649
9000, 665
9000, 653
9000, 664
9000, 662
9000, 658
9000, 648
9000, 654
9000, 664
9000, 650
9000, 668
9000, 664
9000, 655
9000, 673
9000, 661
9000, 658
9000, 663
9000, 654
9000, 655
9000, 658
9000, 651
9000, 657
9000, 658
9000, 668
9000, 659
9000, 655
9000, 655
9000, 653
9000, 658
9000, 661
9000, 670
9000, 657
9000, 663
9000, 654
9000, 649
9000, 652
9000, 657
9000, 673
9000, 655
9000, 649
9000, 657
9000, 665
9000, 653
9000, 661
9000, 660
9000, 664
9000, 663
9000, 660
9000, 654
9000, 647
9000, 660
9000, 657
9000, 654
9000, 649
9000, 656
9000, 655
9000, 652
9000, 661
9000, 655
9000, 648
9000, 650
9000, 654
9000, 648
9000, 668
9000, 654
9000, 653
9000, 663
9000, 678
9000, 665
9000, 664
9000, 662
9000, 656
9000, 652
9000, 655
9000, 664
9000, 663
9000, 660
9000, 660
9000, 646
9000, 650
9000, 655
9000, 661
9000, 658
9000, 663
9000, 652
9000, 656
9000, 656
9000, 654
9000, 662
9000, 664
9000, 656
9000, 663
9000, 657
9000, 655
9000, 657
9000, 655
9000, 667
9000, 650
9000, 657
9000, 655
9000, 656
9000, 657
9000, 653
9000, 661
9000, 660
9000, 665
9000, 658
9000, 658
9000, 660
9000, 657
9000, 660
9000, 668
9000, 656
9000, 666
9000, 655
9000, 646
9000, 650
9000, 657
9000, 657
9000, 662
9000, 658
9000, 665
9000, 650
9000, 655
9000, 661
9000, 654
9000, 644
9000, 655
9000, 671
9000, 652
9000, 659
9000, 652
9000, 665
9000, 658
9000, 652
9000, 659
9000, 645
9000, 644
9000, 656
9000, 657
9000, 661
9000, 655
9000, 656
9000, 659
9000, 666
9000, 660
9000, 656
9000, 657
9000, 657
9000, 658
9000, 659
9000, 652
9000, 662
9000, 660
9000, 655
9000, 650
9000, 658
9000, 658
9000, 667
9000, 660
9000, 657
9000, 652
9000, 661
9000, 650
9000, 658
9000, 660
9000, 662
9000, 664
9000, 661
9000, 661
9000, 659
9000, 662
9000, 651
9000, 668
9000, 655
9000, 652
9000, 648
9000, 651
9000, 657
9000, 655
9000, 651
9000, 666
9000, 659
9000, 667
9000, 654
9000, 659
9000, 660
9000, 654
9000, 655
9000, 656
9000, 663
9000, 662
9000, 663
9000, 653
9000, 643
9000, 663
9000, 646
9000, 667
9000, 660
9000, 649
9000, 661
9000, 665
9000, 654
9000, 663
9000, 663
9000, 666
9000, 645
9000, 659
9000, 655
9000, 656
9000, 650
9000, 662
9000, 648
9000, 653
9000, 654
9000, 652
9000, 659
9000, 653
9000, 657
9000, 660
9000, 657
9000, 662
9000, 652
9000, 647
9000, 651
9000, 651
9000, 659
9000, 662
size,mean
9250, 657
9250, 664
9250, 656
9250, 647
9250, 657
9250, 654
9250, 659
9250, 663
9250, 654
9250, 660
9250, 660
9250, 654
9250, 662
9250, 657
9250, 664
9250, 659
9250, 660
9250, 660
9250, 666
9250, 653
9250, 660
9250, 658
9250, 646
9250, 658
9250, 665
9250, 660
9250, 666
9250, 664
9250, 667
9250, 662
9250, 646
9250, 666
9250, 654
9250, 658
9250, 649
9250, 657
9250, 665
9250, 651
9250, 658
9250, 653
9250, 659
9250, 643
9250, 657
9250, 656
9250, 656
9250, 653
9250, 670
9250, 654
9250, 656
9250, 653
9250, 669
9250, 649
9250, 661
9250, 666
9250, 660
9250, 653
9250, 664
9250, 655
9250, 651
9250, 661
9250, 657
9250, 658
9250, 659
9250, 664
9250, 665
9250, 658
9250, 658
9250, 662
9250, 652
9250, 658
9250, 663
9250, 655
9250, 657
9250, 658
9250, 658
9250, 650
9250, 651
9250, 652
9250, 658
9250, 646
9250, 653
9250, 660
9250, 660
9250, 660
9250, 666
9250, 652
9250, 661
9250, 653
9250, 648
9250, 653
9250, 664
9250, 662
9250, 656
9250, 659
9250, 663
9250, 654
9250, 668
9250, 649
9250, 654
9250, 666
9250, 656
9250, 653
9250, 656
9250, 659
9250, 656
9250, 660
9250, 655
9250, 662
9250, 666
9250, 653
9250, 648
9250, 652
9250, 661
9250, 650
9250, 659
9250, 655
9250, 661
9250, 659
9250, 651
9250, 653
9250, 657
9250, 654
9250, 659
9250, 658
9250, 654
9250, 660
9250, 661
9250, 660
9250, 653
9250, 648
9250, 652
9250, 656
9250, 667
9250, 659
9250, 648
9250, 651
9250, 653
9250, 655
9250, 660
9250, 663
9250, 655
9250, 662
9250, 657
9250, 658
9250, 646
9250, 663
9250, 653
9250, 667
9250, 669
9250, 647
9250, 654
9250, 659
9250, 663
9250, 647
9250, 649
9250, 658
9250, 648
9250, 647
9250, 649
9250, 662
9250, 664
9250, 658
9250, 659
9250, 653
9250, 668
9250, 661
9250, 657
9250, 671
9250, 664
9250, 661
9250, 661
9250, 653
9250, 659
9250, 650
9250, 657
9250, 659
9250, 664
9250, 653
9250, 673
9250, 658
9250, 653
9250, 654
9250, 657
9250, 659
9250, 652
9250, 666
9250, 659
9250, 656
9250, 652
9250, 661
9250, 670
9250, 645
9250, 656
9250, 665
9250, 664
9250, 659
9250, 661
9250, 663
9250, 663
9250, 645
9250, 657
9250, 659
9250, 659
9250, 650
9250, 656
9250, 665
9250, 659
9250, 670
9250, 656
9250, 657
9250, 663
9250, 657
9250, 654
9250, 656
9250, 656
9250, 647
9250, 661
9250, 660
9250, 653
9250, 662
9250, 658
9250, 659
9250, 654
9250, 657
9250, 650
9250, 669
9250, 658
9250, 658
9250, 657
9250, 663
9250, 653
9250, 650
9250, 647
9250, 657
9250, 653
9250, 658
9250, 652
9250, 653
9250, 660
9250, 657
9250, 661
9250, 652
9250, 653
9250, 656
9250, 661
9250, 652
9250, 648
9250, 656
9250, 648
9250, 671
size,mean
9500, 651
9500, 664
9500, 651
9500, 649
9500, 662
9500, 661
9500, 653
9500, 652
9500, 649
9500, 653
9500, 663
9500, 654
9500, 659
9500, 651
9500, 660
9500, 658
9500, 655
9500, 660
9500, 664
9500, 663
9500, 658
9500, 646
9500, 659
9500, 667
9500, 672
9500, 669
9500, 657
9500, 654
9500, 662
9500, 658
9500, 657
9500, 647
9500, 651
9500, 661
9500, 645
9500, 652
9500, 657
9500, 660
9500, 659
9500, 649
9500, 663
9500, 666
9500, 657
9500, 662
9500, 661
9500, 660
9500, 664
9500, 664
9500, 653
9500, 656
9500, 668
9500, 657
9500, 666
9500, 654
9500, 662
9500, 650
9500, 659
9500, 655
9500, 652
9500, 658
9500, 656
9500, 663
9500, 657
9500, 665
9500, 654
9500, 660
9500, 654
9500, 654
9500, 662
9500, 658
9500, 657
9500, 661
9500, 656
9500, 656
9500, 649
9500, 661
9500, 647
9500, 654
9500, 653
9500, 659
9500, 665
9500, 654
9500, 663
9500, 660
9500, 664
9500, 666
9500, 653
9500, 655
9500, 663
9500, 665
9500, 651
9500, 656
9500, 648
9500, 660
9500, 661
9500, 658
9500, 661
9500, 650
9500, 661
9500, 653
9500, 654
9500, 654
9500, 653
9500, 655
9500, 657
9500, 655
9500, 653
9500, 659
9500, 659
9500, 656
9500, 653
9500, 652
9500, 660
9500, 661
9500, 655
9500, 661
9500, 669
9500, 660
9500, 661
9500, 646
9500, 658
9500, 655
9500, 655
9500, 662
9500, 652
9500, 660
9500, 651
9500, 652
9500, 663
9500, 662
9500, 666
9500, 649
9500, 660
9500, 661
9500, 659
9500, 659
9500, 652
9500, 655
9500, 652
9500, 660
9500, 652
9500, 656
9500, 658
9500, 656
9500, 658
9500, 663
9500, 660
9500, 663
9500, 653
9500, 643
9500, 658
9500, 661
9500, 663
9500, 670
9500, 662
9500, 659
9500, 658
9500, 662
9500, 663
9500, 666
9500, 652
9500, 664
9500, 661
9500, 656
9500, 673
9500, 654
9500, 653
9500, 656
9500, 661
9500, 658
9500, 662
9500, 653
9500, 663
9500, 650
9500, 662
9500, 659
9500, 644
9500, 657
9500, 665
9500, 671
9500, 649
9500, 659
9500, 657
9500, 668
9500, 661
9500, 663
9500, 663
9500, 648
9500, 651
9500, 659
9500, 654
9500, 663
9500, 671
9500, 656
9500, 649
9500, 652
9500, 667
9500, 650
9500, 657
9500, 660
9500, 654
9500, 656
9500, 659
9500, 654
9500, 653
9500, 660
9500, 665
9500, 662
9500, 656
9500, 664
9500, 657
9500, 664
9500, 656
9500, 656
9500, 649
9500, 661
9500, 656
9500, 655
9500, 655
9500, 655
9500, 655
9500, 655
9500, 656
9500, 654
9500, 661
9500, 657
9500, 661
9500, 665
9500, 662
9500, 642
9500, 664
9500, 662
9500, 652
9500, 654
9500, 661
9500, 657
9500, 649
9500, 658
9500, 642
9500, 655
9500, 655
9500, 655
9500, 649
9500, 664
9500, 666
9500, 667
9500, 658
9500, 651
9500, 661
9500, 651
size,mean
9750, 659
9750, 649
9750, 655
9750, 657
9750, 672
9750, 657
9750, 660
9750, 662
9750, 656
9750, 649
9750, 652
9750, 658
9750, 662
9750, 663
9750, 658
9750, 657
9750, 659
9750, 651
9750, 667
9750, 656
9750, 662
9750, 651
9750, 657
9750, 658
9750, 653
9750, 654
9750, 651
9750, 660
9750, 661
9750, 665
9750, 652
9750, 657
9750, 660
9750, 653
9750, 663
9750, 665
9750, 657
9750, 654
9750, 665
9750, 652
9750, 651
9750, 655
9750, 660
9750, 655
9750, 669
9750, 667
9750, 654
9750, 652
9750, 654
9750, 658
9750, 652
9750, 661
9750, 651
9750, 666
9750, 651
9750, 664
9750, 654
9750, 664
9750, 659
9750, 659
9750, 658
9750, 663
9750, 654
9750, 651
9750, 656
9750, 657
9750, 657
9750, 653
9750, 655
9750, 660
9750, 655
9750, 659
9750, 658
9750, 653
9750, 659
9750, 659
9750, 656
9750, 658
9750, 659
9750, 657
9750, 645
9750, 664
9750, 656
9750, 658
9750, 658
9750, 654
9750, 673
9750, 658
9750, 648
9750, 656
9750, 660
9750, 653
9750, 647
9750, 661
9750, 663
9750, 660
9750, 660
9750, 654
9750, 644
9750, 663
9750, 658
9750, 651
9750, 649
9750, 662
9750, 657
9750, 655
9750, 655
9750, 662
9750, 657
9750, 649
9750, 660
9750, 666
9750, 661
9750, 658
9750, 660
9750, 653
9750, 659
9750, 665
9750, 655
9750, 659
9750, 654
9750, 650
9750, 665
9750, 658
9750, 652
9750, 665
9750, 653
9750, 662
9750, 656
9750, 660
9750, 657
9750, 657
9750, 655
9750, 656
9750, 675
9750, 648
9750, 654
9750, 660
9750, 655
9750, 660
9750, 660
9750, 660
9750, 663
9750, 652
9750, 653
9750, 645
9750, 656
9750, 651
9750, 657
9750, 663
9750, 655
9750, 646
9750, 654
9750, 653
9750, 661
9750, 667
9750, 656
9750, 660
9750, 658
9750, 654
9750, 655
9750, 657
9750, 651
9750, 651
9750, 656
9750, 652
9750, 662
9750, 651
9750, 660
9750, 656
9750, 659
9750, 653
9750, 657
9750, 661
9750, 653
9750, 659
9750, 666
9750, 657
9750, 661
9750, 663
9750, 672
9750, 660
9750, 669
9750, 672
9750, 663
9750, 660
9750, 660
9750, 666
9750, 660
9750, 657
9750, 660
9750, 661
9750, 666
9750, 659
9750, 652
9750, 653
9750, 654
9750, 652
9750, 662
9750, 655
9750, 653
9750, 665
9750, 656
9750, 656
9750, 648
9750, 661
9750, 650
9750, 671
9750, 647
9750, 654
9750, 653
9750, 659
9750, 661
9750, 657
9750, 652
9750, 651
9750, 662
9750, 663
9750, 655
9750, 650
9750, 660
9750, 656
9750, 659
9750, 654
9750, 668
9750, 659
9750, 642
9750, 646
9750, 663
9750, 655
9750, 656
9750, 656
9750, 654
9750, 668
9750, 661
9750, 660
9750, 665
9750, 657
9750, 652
9750, 671
9750, 652
9750, 659
9750, 660
9750, 649
9750, 656
9750, 652
9750, 654
9750, 654
9750, 651
9750, 655
